4 way domicile,Domicile,Level of study,Mode of study,Academic Year,Region of HE provider,Number
All,Bulgaria,All,Full-time,2021/22,North East,80
All,Bulgaria,All,Full-time,2021/22,North West,320
All,Bulgaria,All,Full-time,2021/22,Yorkshire and The Humber,190
All,Bulgaria,All,Full-time,2021/22,East Midlands,165
All,Bulgaria,All,Full-time,2021/22,West Midlands,245
All,Bulgaria,All,Full-time,2021/22,East of England,255
All,Bulgaria,All,Full-time,2021/22,London,870
All,Bulgaria,All,Full-time,2021/22,South East,610
All,Bulgaria,All,Full-time,2021/22,South West,260
All,Bulgaria,All,Full-time,2021/22,The Open University in England,0
All,Bulgaria,All,Full-time,2021/22,England,2995
All,Bulgaria,All,Full-time,2021/22,Wales,140
All,Bulgaria,All,Full-time,2021/22,Scotland,645
All,Bulgaria,All,Full-time,2021/22,Northern Ireland,5
All,Bulgaria,All,Full-time,2021/22,Total United Kingdom,3790
All,Bulgaria,All,Part-time,2021/22,North East,5
All,Bulgaria,All,Part-time,2021/22,North West,5
All,Bulgaria,All,Part-time,2021/22,Yorkshire and The Humber,15
All,Bulgaria,All,Part-time,2021/22,East Midlands,5
All,Bulgaria,All,Part-time,2021/22,West Midlands,20
All,Bulgaria,All,Part-time,2021/22,East of England,15
All,Bulgaria,All,Part-time,2021/22,London,65
All,Bulgaria,All,Part-time,2021/22,South East,30
All,Bulgaria,All,Part-time,2021/22,South West,15
All,Bulgaria,All,Part-time,2021/22,The Open University in England,0
All,Bulgaria,All,Part-time,2021/22,England,170
All,Bulgaria,All,Part-time,2021/22,Wales,5
All,Bulgaria,All,Part-time,2021/22,Scotland,40
All,Bulgaria,All,Part-time,2021/22,Northern Ireland,0
All,Bulgaria,All,Part-time,2021/22,Total United Kingdom,215
All,Bulgaria,All,All,2021/22,North East,80
All,Bulgaria,All,All,2021/22,North West,320
All,Bulgaria,All,All,2021/22,Yorkshire and The Humber,205
All,Bulgaria,All,All,2021/22,East Midlands,170
All,Bulgaria,All,All,2021/22,West Midlands,265
All,Bulgaria,All,All,2021/22,East of England,270
All,Bulgaria,All,All,2021/22,London,930
All,Bulgaria,All,All,2021/22,South East,635
All,Bulgaria,All,All,2021/22,South West,280
All,Bulgaria,All,All,2021/22,The Open University in England,0
All,Bulgaria,All,All,2021/22,England,3165
All,Bulgaria,All,All,2021/22,Wales,145
All,Bulgaria,All,All,2021/22,Scotland,685
All,Bulgaria,All,All,2021/22,Northern Ireland,5
All,Bulgaria,All,All,2021/22,Total United Kingdom,4005
All,Bulgaria,Postgraduate (research),Full-time,2021/22,North East,5
All,Bulgaria,Postgraduate (research),Full-time,2021/22,North West,10
All,Bulgaria,Postgraduate (research),Full-time,2021/22,Yorkshire and The Humber,5
All,Bulgaria,Postgraduate (research),Full-time,2021/22,East Midlands,10
All,Bulgaria,Postgraduate (research),Full-time,2021/22,West Midlands,5
All,Bulgaria,Postgraduate (research),Full-time,2021/22,East of England,10
All,Bulgaria,Postgraduate (research),Full-time,2021/22,London,25
All,Bulgaria,Postgraduate (research),Full-time,2021/22,South East,15
All,Bulgaria,Postgraduate (research),Full-time,2021/22,South West,5
All,Bulgaria,Postgraduate (research),Full-time,2021/22,The Open University in England,0
All,Bulgaria,Postgraduate (research),Full-time,2021/22,England,85
All,Bulgaria,Postgraduate (research),Full-time,2021/22,Wales,5
All,Bulgaria,Postgraduate (research),Full-time,2021/22,Scotland,15
All,Bulgaria,Postgraduate (research),Full-time,2021/22,Northern Ireland,0
All,Bulgaria,Postgraduate (research),Full-time,2021/22,Total United Kingdom,110
All,Bulgaria,Postgraduate (research),Part-time,2021/22,North East,0
All,Bulgaria,Postgraduate (research),Part-time,2021/22,North West,0
All,Bulgaria,Postgraduate (research),Part-time,2021/22,Yorkshire and The Humber,0
All,Bulgaria,Postgraduate (research),Part-time,2021/22,East Midlands,0
All,Bulgaria,Postgraduate (research),Part-time,2021/22,West Midlands,0
All,Bulgaria,Postgraduate (research),Part-time,2021/22,East of England,0
All,Bulgaria,Postgraduate (research),Part-time,2021/22,London,5
All,Bulgaria,Postgraduate (research),Part-time,2021/22,South East,0
All,Bulgaria,Postgraduate (research),Part-time,2021/22,South West,0
All,Bulgaria,Postgraduate (research),Part-time,2021/22,The Open University in England,0
All,Bulgaria,Postgraduate (research),Part-time,2021/22,England,10
All,Bulgaria,Postgraduate (research),Part-time,2021/22,Wales,0
All,Bulgaria,Postgraduate (research),Part-time,2021/22,Scotland,0
All,Bulgaria,Postgraduate (research),Part-time,2021/22,Northern Ireland,0
All,Bulgaria,Postgraduate (research),Part-time,2021/22,Total United Kingdom,15
All,Bulgaria,Postgraduate (research),All,2021/22,North East,5
All,Bulgaria,Postgraduate (research),All,2021/22,North West,10
All,Bulgaria,Postgraduate (research),All,2021/22,Yorkshire and The Humber,5
All,Bulgaria,Postgraduate (research),All,2021/22,East Midlands,10
All,Bulgaria,Postgraduate (research),All,2021/22,West Midlands,5
All,Bulgaria,Postgraduate (research),All,2021/22,East of England,10
All,Bulgaria,Postgraduate (research),All,2021/22,London,30
All,Bulgaria,Postgraduate (research),All,2021/22,South East,15
All,Bulgaria,Postgraduate (research),All,2021/22,South West,10
All,Bulgaria,Postgraduate (research),All,2021/22,The Open University in England,0
All,Bulgaria,Postgraduate (research),All,2021/22,England,100
All,Bulgaria,Postgraduate (research),All,2021/22,Wales,5
All,Bulgaria,Postgraduate (research),All,2021/22,Scotland,15
All,Bulgaria,Postgraduate (research),All,2021/22,Northern Ireland,0
All,Bulgaria,Postgraduate (research),All,2021/22,Total United Kingdom,125
All,Bulgaria,Postgraduate (taught),Full-time,2021/22,North East,5
All,Bulgaria,Postgraduate (taught),Full-time,2021/22,North West,10
All,Bulgaria,Postgraduate (taught),Full-time,2021/22,Yorkshire and The Humber,10
All,Bulgaria,Postgraduate (taught),Full-time,2021/22,East Midlands,10
All,Bulgaria,Postgraduate (taught),Full-time,2021/22,West Midlands,10
All,Bulgaria,Postgraduate (taught),Full-time,2021/22,East of England,5
All,Bulgaria,Postgraduate (taught),Full-time,2021/22,London,90
All,Bulgaria,Postgraduate (taught),Full-time,2021/22,South East,20
All,Bulgaria,Postgraduate (taught),Full-time,2021/22,South West,10
All,Bulgaria,Postgraduate (taught),Full-time,2021/22,The Open University in England,0
All,Bulgaria,Postgraduate (taught),Full-time,2021/22,England,175
All,Bulgaria,Postgraduate (taught),Full-time,2021/22,Wales,15
All,Bulgaria,Postgraduate (taught),Full-time,2021/22,Scotland,20
All,Bulgaria,Postgraduate (taught),Full-time,2021/22,Northern Ireland,0
All,Bulgaria,Postgraduate (taught),Full-time,2021/22,Total United Kingdom,210
All,Bulgaria,Postgraduate (taught),Part-time,2021/22,North East,0
All,Bulgaria,Postgraduate (taught),Part-time,2021/22,North West,0
All,Bulgaria,Postgraduate (taught),Part-time,2021/22,Yorkshire and The Humber,10
All,Bulgaria,Postgraduate (taught),Part-time,2021/22,East Midlands,5
All,Bulgaria,Postgraduate (taught),Part-time,2021/22,West Midlands,0
All,Bulgaria,Postgraduate (taught),Part-time,2021/22,East of England,5
All,Bulgaria,Postgraduate (taught),Part-time,2021/22,London,30
All,Bulgaria,Postgraduate (taught),Part-time,2021/22,South East,10
All,Bulgaria,Postgraduate (taught),Part-time,2021/22,South West,5
All,Bulgaria,Postgraduate (taught),Part-time,2021/22,The Open University in England,0
All,Bulgaria,Postgraduate (taught),Part-time,2021/22,England,65
All,Bulgaria,Postgraduate (taught),Part-time,2021/22,Wales,0
All,Bulgaria,Postgraduate (taught),Part-time,2021/22,Scotland,10
All,Bulgaria,Postgraduate (taught),Part-time,2021/22,Northern Ireland,0
All,Bulgaria,Postgraduate (taught),Part-time,2021/22,Total United Kingdom,75
All,Bulgaria,Postgraduate (taught),All,2021/22,North East,10
All,Bulgaria,Postgraduate (taught),All,2021/22,North West,10
All,Bulgaria,Postgraduate (taught),All,2021/22,Yorkshire and The Humber,20
All,Bulgaria,Postgraduate (taught),All,2021/22,East Midlands,15
All,Bulgaria,Postgraduate (taught),All,2021/22,West Midlands,10
All,Bulgaria,Postgraduate (taught),All,2021/22,East of England,10
All,Bulgaria,Postgraduate (taught),All,2021/22,London,120
All,Bulgaria,Postgraduate (taught),All,2021/22,South East,30
All,Bulgaria,Postgraduate (taught),All,2021/22,South West,15
All,Bulgaria,Postgraduate (taught),All,2021/22,The Open University in England,0
All,Bulgaria,Postgraduate (taught),All,2021/22,England,235
All,Bulgaria,Postgraduate (taught),All,2021/22,Wales,15
All,Bulgaria,Postgraduate (taught),All,2021/22,Scotland,30
All,Bulgaria,Postgraduate (taught),All,2021/22,Northern Ireland,0
All,Bulgaria,Postgraduate (taught),All,2021/22,Total United Kingdom,285
All,Bulgaria,All postgraduate,Full-time,2021/22,North East,15
All,Bulgaria,All postgraduate,Full-time,2021/22,North West,20
All,Bulgaria,All postgraduate,Full-time,2021/22,Yorkshire and The Humber,15
All,Bulgaria,All postgraduate,Full-time,2021/22,East Midlands,20
All,Bulgaria,All postgraduate,Full-time,2021/22,West Midlands,15
All,Bulgaria,All postgraduate,Full-time,2021/22,East of England,15
All,Bulgaria,All postgraduate,Full-time,2021/22,London,115
All,Bulgaria,All postgraduate,Full-time,2021/22,South East,35
All,Bulgaria,All postgraduate,Full-time,2021/22,South West,20
All,Bulgaria,All postgraduate,Full-time,2021/22,The Open University in England,0
All,Bulgaria,All postgraduate,Full-time,2021/22,England,260
All,Bulgaria,All postgraduate,Full-time,2021/22,Wales,20
All,Bulgaria,All postgraduate,Full-time,2021/22,Scotland,35
All,Bulgaria,All postgraduate,Full-time,2021/22,Northern Ireland,5
All,Bulgaria,All postgraduate,Full-time,2021/22,Total United Kingdom,320
All,Bulgaria,All postgraduate,Part-time,2021/22,North East,5
All,Bulgaria,All postgraduate,Part-time,2021/22,North West,0
All,Bulgaria,All postgraduate,Part-time,2021/22,Yorkshire and The Humber,10
All,Bulgaria,All postgraduate,Part-time,2021/22,East Midlands,5
All,Bulgaria,All postgraduate,Part-time,2021/22,West Midlands,0
All,Bulgaria,All postgraduate,Part-time,2021/22,East of England,5
All,Bulgaria,All postgraduate,Part-time,2021/22,London,35
All,Bulgaria,All postgraduate,Part-time,2021/22,South East,10
All,Bulgaria,All postgraduate,Part-time,2021/22,South West,5
All,Bulgaria,All postgraduate,Part-time,2021/22,The Open University in England,0
All,Bulgaria,All postgraduate,Part-time,2021/22,England,75
All,Bulgaria,All postgraduate,Part-time,2021/22,Wales,0
All,Bulgaria,All postgraduate,Part-time,2021/22,Scotland,10
All,Bulgaria,All postgraduate,Part-time,2021/22,Northern Ireland,0
All,Bulgaria,All postgraduate,Part-time,2021/22,Total United Kingdom,90
All,Bulgaria,All postgraduate,All,2021/22,North East,15
All,Bulgaria,All postgraduate,All,2021/22,North West,20
All,Bulgaria,All postgraduate,All,2021/22,Yorkshire and The Humber,25
All,Bulgaria,All postgraduate,All,2021/22,East Midlands,20
All,Bulgaria,All postgraduate,All,2021/22,West Midlands,15
All,Bulgaria,All postgraduate,All,2021/22,East of England,20
All,Bulgaria,All postgraduate,All,2021/22,London,150
All,Bulgaria,All postgraduate,All,2021/22,South East,45
All,Bulgaria,All postgraduate,All,2021/22,South West,25
All,Bulgaria,All postgraduate,All,2021/22,The Open University in England,0
All,Bulgaria,All postgraduate,All,2021/22,England,335
All,Bulgaria,All postgraduate,All,2021/22,Wales,25
All,Bulgaria,All postgraduate,All,2021/22,Scotland,45
All,Bulgaria,All postgraduate,All,2021/22,Northern Ireland,5
All,Bulgaria,All postgraduate,All,2021/22,Total United Kingdom,405
All,Bulgaria,First degree,Full-time,2021/22,North East,60
All,Bulgaria,First degree,Full-time,2021/22,North West,300
All,Bulgaria,First degree,Full-time,2021/22,Yorkshire and The Humber,175
All,Bulgaria,First degree,Full-time,2021/22,East Midlands,145
All,Bulgaria,First degree,Full-time,2021/22,West Midlands,230
All,Bulgaria,First degree,Full-time,2021/22,East of England,240
All,Bulgaria,First degree,Full-time,2021/22,London,750
All,Bulgaria,First degree,Full-time,2021/22,South East,575
All,Bulgaria,First degree,Full-time,2021/22,South West,245
All,Bulgaria,First degree,Full-time,2021/22,The Open University in England,0
All,Bulgaria,First degree,Full-time,2021/22,England,2720
All,Bulgaria,First degree,Full-time,2021/22,Wales,120
All,Bulgaria,First degree,Full-time,2021/22,Scotland,610
All,Bulgaria,First degree,Full-time,2021/22,Northern Ireland,5
All,Bulgaria,First degree,Full-time,2021/22,Total United Kingdom,3450
All,Bulgaria,First degree,Part-time,2021/22,North East,0
All,Bulgaria,First degree,Part-time,2021/22,North West,5
All,Bulgaria,First degree,Part-time,2021/22,Yorkshire and The Humber,5
All,Bulgaria,First degree,Part-time,2021/22,East Midlands,0
All,Bulgaria,First degree,Part-time,2021/22,West Midlands,15
All,Bulgaria,First degree,Part-time,2021/22,East of England,10
All,Bulgaria,First degree,Part-time,2021/22,London,25
All,Bulgaria,First degree,Part-time,2021/22,South East,15
All,Bulgaria,First degree,Part-time,2021/22,South West,10
All,Bulgaria,First degree,Part-time,2021/22,The Open University in England,0
All,Bulgaria,First degree,Part-time,2021/22,England,85
All,Bulgaria,First degree,Part-time,2021/22,Wales,0
All,Bulgaria,First degree,Part-time,2021/22,Scotland,25
All,Bulgaria,First degree,Part-time,2021/22,Northern Ireland,0
All,Bulgaria,First degree,Part-time,2021/22,Total United Kingdom,110
All,Bulgaria,First degree,All,2021/22,North East,60
All,Bulgaria,First degree,All,2021/22,North West,305
All,Bulgaria,First degree,All,2021/22,Yorkshire and The Humber,180
All,Bulgaria,First degree,All,2021/22,East Midlands,150
All,Bulgaria,First degree,All,2021/22,West Midlands,250
All,Bulgaria,First degree,All,2021/22,East of England,250
All,Bulgaria,First degree,All,2021/22,London,775
All,Bulgaria,First degree,All,2021/22,South East,590
All,Bulgaria,First degree,All,2021/22,South West,250
All,Bulgaria,First degree,All,2021/22,The Open University in England,0
All,Bulgaria,First degree,All,2021/22,England,2800
All,Bulgaria,First degree,All,2021/22,Wales,120
All,Bulgaria,First degree,All,2021/22,Scotland,635
All,Bulgaria,First degree,All,2021/22,Northern Ireland,5
All,Bulgaria,First degree,All,2021/22,Total United Kingdom,3560
All,Bulgaria,Other undergraduate,Full-time,2021/22,North East,5
All,Bulgaria,Other undergraduate,Full-time,2021/22,North West,0
All,Bulgaria,Other undergraduate,Full-time,2021/22,Yorkshire and The Humber,0
All,Bulgaria,Other undergraduate,Full-time,2021/22,East Midlands,0
All,Bulgaria,Other undergraduate,Full-time,2021/22,West Midlands,5
All,Bulgaria,Other undergraduate,Full-time,2021/22,East of England,0
All,Bulgaria,Other undergraduate,Full-time,2021/22,London,5
All,Bulgaria,Other undergraduate,Full-time,2021/22,South East,0
All,Bulgaria,Other undergraduate,Full-time,2021/22,South West,0
All,Bulgaria,Other undergraduate,Full-time,2021/22,The Open University in England,0
All,Bulgaria,Other undergraduate,Full-time,2021/22,England,15
All,Bulgaria,Other undergraduate,Full-time,2021/22,Wales,5
All,Bulgaria,Other undergraduate,Full-time,2021/22,Scotland,0
All,Bulgaria,Other undergraduate,Full-time,2021/22,Northern Ireland,0
All,Bulgaria,Other undergraduate,Full-time,2021/22,Total United Kingdom,20
All,Bulgaria,Other undergraduate,Part-time,2021/22,North East,0
All,Bulgaria,Other undergraduate,Part-time,2021/22,North West,0
All,Bulgaria,Other undergraduate,Part-time,2021/22,Yorkshire and The Humber,0
All,Bulgaria,Other undergraduate,Part-time,2021/22,East Midlands,0
All,Bulgaria,Other undergraduate,Part-time,2021/22,West Midlands,0
All,Bulgaria,Other undergraduate,Part-time,2021/22,East of England,5
All,Bulgaria,Other undergraduate,Part-time,2021/22,London,5
All,Bulgaria,Other undergraduate,Part-time,2021/22,South East,0
All,Bulgaria,Other undergraduate,Part-time,2021/22,South West,0
All,Bulgaria,Other undergraduate,Part-time,2021/22,The Open University in England,0
All,Bulgaria,Other undergraduate,Part-time,2021/22,England,15
All,Bulgaria,Other undergraduate,Part-time,2021/22,Wales,0
All,Bulgaria,Other undergraduate,Part-time,2021/22,Scotland,5
All,Bulgaria,Other undergraduate,Part-time,2021/22,Northern Ireland,0
All,Bulgaria,Other undergraduate,Part-time,2021/22,Total United Kingdom,20
All,Bulgaria,Other undergraduate,All,2021/22,North East,5
All,Bulgaria,Other undergraduate,All,2021/22,North West,0
All,Bulgaria,Other undergraduate,All,2021/22,Yorkshire and The Humber,0
All,Bulgaria,Other undergraduate,All,2021/22,East Midlands,0
All,Bulgaria,Other undergraduate,All,2021/22,West Midlands,5
All,Bulgaria,Other undergraduate,All,2021/22,East of England,5
All,Bulgaria,Other undergraduate,All,2021/22,London,10
All,Bulgaria,Other undergraduate,All,2021/22,South East,0
All,Bulgaria,Other undergraduate,All,2021/22,South West,5
All,Bulgaria,Other undergraduate,All,2021/22,The Open University in England,0
All,Bulgaria,Other undergraduate,All,2021/22,England,30
All,Bulgaria,Other undergraduate,All,2021/22,Wales,5
All,Bulgaria,Other undergraduate,All,2021/22,Scotland,5
All,Bulgaria,Other undergraduate,All,2021/22,Northern Ireland,0
All,Bulgaria,Other undergraduate,All,2021/22,Total United Kingdom,40
All,Bulgaria,All undergraduate,Full-time,2021/22,North East,65
All,Bulgaria,All undergraduate,Full-time,2021/22,North West,300
All,Bulgaria,All undergraduate,Full-time,2021/22,Yorkshire and The Humber,175
All,Bulgaria,All undergraduate,Full-time,2021/22,East Midlands,150
All,Bulgaria,All undergraduate,Full-time,2021/22,West Midlands,235
All,Bulgaria,All undergraduate,Full-time,2021/22,East of England,240
All,Bulgaria,All undergraduate,Full-time,2021/22,London,755
All,Bulgaria,All undergraduate,Full-time,2021/22,South East,575
All,Bulgaria,All undergraduate,Full-time,2021/22,South West,245
All,Bulgaria,All undergraduate,Full-time,2021/22,The Open University in England,0
All,Bulgaria,All undergraduate,Full-time,2021/22,England,2735
All,Bulgaria,All undergraduate,Full-time,2021/22,Wales,120
All,Bulgaria,All undergraduate,Full-time,2021/22,Scotland,610
All,Bulgaria,All undergraduate,Full-time,2021/22,Northern Ireland,5
All,Bulgaria,All undergraduate,Full-time,2021/22,Total United Kingdom,3470
All,Bulgaria,All undergraduate,Part-time,2021/22,North East,0
All,Bulgaria,All undergraduate,Part-time,2021/22,North West,5
All,Bulgaria,All undergraduate,Part-time,2021/22,Yorkshire and The Humber,5
All,Bulgaria,All undergraduate,Part-time,2021/22,East Midlands,0
All,Bulgaria,All undergraduate,Part-time,2021/22,West Midlands,20
All,Bulgaria,All undergraduate,Part-time,2021/22,East of England,10
All,Bulgaria,All undergraduate,Part-time,2021/22,London,30
All,Bulgaria,All undergraduate,Part-time,2021/22,South East,20
All,Bulgaria,All undergraduate,Part-time,2021/22,South West,10
All,Bulgaria,All undergraduate,Part-time,2021/22,The Open University in England,0
All,Bulgaria,All undergraduate,Part-time,2021/22,England,95
All,Bulgaria,All undergraduate,Part-time,2021/22,Wales,5
All,Bulgaria,All undergraduate,Part-time,2021/22,Scotland,25
All,Bulgaria,All undergraduate,Part-time,2021/22,Northern Ireland,0
All,Bulgaria,All undergraduate,Part-time,2021/22,Total United Kingdom,125
All,Bulgaria,All undergraduate,All,2021/22,North East,65
All,Bulgaria,All undergraduate,All,2021/22,North West,305
All,Bulgaria,All undergraduate,All,2021/22,Yorkshire and The Humber,180
All,Bulgaria,All undergraduate,All,2021/22,East Midlands,150
All,Bulgaria,All undergraduate,All,2021/22,West Midlands,250
All,Bulgaria,All undergraduate,All,2021/22,East of England,250
All,Bulgaria,All undergraduate,All,2021/22,London,785
All,Bulgaria,All undergraduate,All,2021/22,South East,595
All,Bulgaria,All undergraduate,All,2021/22,South West,255
All,Bulgaria,All undergraduate,All,2021/22,The Open University in England,0
All,Bulgaria,All undergraduate,All,2021/22,England,2830
All,Bulgaria,All undergraduate,All,2021/22,Wales,125
All,Bulgaria,All undergraduate,All,2021/22,Scotland,640
All,Bulgaria,All undergraduate,All,2021/22,Northern Ireland,5
All,Bulgaria,All undergraduate,All,2021/22,Total United Kingdom,3600
All,Greece,All,Full-time,2021/22,North East,445
All,Greece,All,Full-time,2021/22,North West,335
All,Greece,All,Full-time,2021/22,Yorkshire and The Humber,305
All,Greece,All,Full-time,2021/22,East Midlands,240
All,Greece,All,Full-time,2021/22,West Midlands,340
All,Greece,All,Full-time,2021/22,East of England,365
All,Greece,All,Full-time,2021/22,London,1725
All,Greece,All,Full-time,2021/22,South East,1020
All,Greece,All,Full-time,2021/22,South West,495
All,Greece,All,Full-time,2021/22,The Open University in England,0
All,Greece,All,Full-time,2021/22,England,5265
All,Greece,All,Full-time,2021/22,Wales,240
All,Greece,All,Full-time,2021/22,Scotland,855
All,Greece,All,Full-time,2021/22,Northern Ireland,20
All,Greece,All,Full-time,2021/22,Total United Kingdom,6380
All,Greece,All,Part-time,2021/22,North East,40
All,Greece,All,Part-time,2021/22,North West,60
All,Greece,All,Part-time,2021/22,Yorkshire and The Humber,40
All,Greece,All,Part-time,2021/22,East Midlands,25
All,Greece,All,Part-time,2021/22,West Midlands,60
All,Greece,All,Part-time,2021/22,East of England,45
All,Greece,All,Part-time,2021/22,London,210
All,Greece,All,Part-time,2021/22,South East,70
All,Greece,All,Part-time,2021/22,South West,40
All,Greece,All,Part-time,2021/22,The Open University in England,0
All,Greece,All,Part-time,2021/22,England,585
All,Greece,All,Part-time,2021/22,Wales,35
All,Greece,All,Part-time,2021/22,Scotland,100
All,Greece,All,Part-time,2021/22,Northern Ireland,5
All,Greece,All,Part-time,2021/22,Total United Kingdom,720
All,Greece,All,All,2021/22,North East,480
All,Greece,All,All,2021/22,North West,395
All,Greece,All,All,2021/22,Yorkshire and The Humber,345
All,Greece,All,All,2021/22,East Midlands,260
All,Greece,All,All,2021/22,West Midlands,395
All,Greece,All,All,2021/22,East of England,405
All,Greece,All,All,2021/22,London,1935
All,Greece,All,All,2021/22,South East,1095
All,Greece,All,All,2021/22,South West,530
All,Greece,All,All,2021/22,The Open University in England,0
All,Greece,All,All,2021/22,England,5850
All,Greece,All,All,2021/22,Wales,275
All,Greece,All,All,2021/22,Scotland,950
All,Greece,All,All,2021/22,Northern Ireland,20
All,Greece,All,All,2021/22,Total United Kingdom,7100
All,Greece,Postgraduate (research),Full-time,2021/22,North East,20
All,Greece,Postgraduate (research),Full-time,2021/22,North West,75
All,Greece,Postgraduate (research),Full-time,2021/22,Yorkshire and The Humber,45
All,Greece,Postgraduate (research),Full-time,2021/22,East Midlands,45
All,Greece,Postgraduate (research),Full-time,2021/22,West Midlands,60
All,Greece,Postgraduate (research),Full-time,2021/22,East of England,80
All,Greece,Postgraduate (research),Full-time,2021/22,London,210
All,Greece,Postgraduate (research),Full-time,2021/22,South East,115
All,Greece,Postgraduate (research),Full-time,2021/22,South West,30
All,Greece,Postgraduate (research),Full-time,2021/22,The Open University in England,0
All,Greece,Postgraduate (research),Full-time,2021/22,England,680
All,Greece,Postgraduate (research),Full-time,2021/22,Wales,15
All,Greece,Postgraduate (research),Full-time,2021/22,Scotland,135
All,Greece,Postgraduate (research),Full-time,2021/22,Northern Ireland,10
All,Greece,Postgraduate (research),Full-time,2021/22,Total United Kingdom,845
All,Greece,Postgraduate (research),Part-time,2021/22,North East,10
All,Greece,Postgraduate (research),Part-time,2021/22,North West,10
All,Greece,Postgraduate (research),Part-time,2021/22,Yorkshire and The Humber,5
All,Greece,Postgraduate (research),Part-time,2021/22,East Midlands,5
All,Greece,Postgraduate (research),Part-time,2021/22,West Midlands,15
All,Greece,Postgraduate (research),Part-time,2021/22,East of England,15
All,Greece,Postgraduate (research),Part-time,2021/22,London,45
All,Greece,Postgraduate (research),Part-time,2021/22,South East,15
All,Greece,Postgraduate (research),Part-time,2021/22,South West,10
All,Greece,Postgraduate (research),Part-time,2021/22,The Open University in England,0
All,Greece,Postgraduate (research),Part-time,2021/22,England,125
All,Greece,Postgraduate (research),Part-time,2021/22,Wales,5
All,Greece,Postgraduate (research),Part-time,2021/22,Scotland,20
All,Greece,Postgraduate (research),Part-time,2021/22,Northern Ireland,0
All,Greece,Postgraduate (research),Part-time,2021/22,Total United Kingdom,155
All,Greece,Postgraduate (research),All,2021/22,North East,30
All,Greece,Postgraduate (research),All,2021/22,North West,85
All,Greece,Postgraduate (research),All,2021/22,Yorkshire and The Humber,55
All,Greece,Postgraduate (research),All,2021/22,East Midlands,50
All,Greece,Postgraduate (research),All,2021/22,West Midlands,75
All,Greece,Postgraduate (research),All,2021/22,East of England,95
All,Greece,Postgraduate (research),All,2021/22,London,255
All,Greece,Postgraduate (research),All,2021/22,South East,130
All,Greece,Postgraduate (research),All,2021/22,South West,40
All,Greece,Postgraduate (research),All,2021/22,The Open University in England,0
All,Greece,Postgraduate (research),All,2021/22,England,810
All,Greece,Postgraduate (research),All,2021/22,Wales,25
All,Greece,Postgraduate (research),All,2021/22,Scotland,155
All,Greece,Postgraduate (research),All,2021/22,Northern Ireland,10
All,Greece,Postgraduate (research),All,2021/22,Total United Kingdom,995
All,Greece,Postgraduate (taught),Full-time,2021/22,North East,80
All,Greece,Postgraduate (taught),Full-time,2021/22,North West,50
All,Greece,Postgraduate (taught),Full-time,2021/22,Yorkshire and The Humber,40
All,Greece,Postgraduate (taught),Full-time,2021/22,East Midlands,25
All,Greece,Postgraduate (taught),Full-time,2021/22,West Midlands,45
All,Greece,Postgraduate (taught),Full-time,2021/22,East of England,50
All,Greece,Postgraduate (taught),Full-time,2021/22,London,565
All,Greece,Postgraduate (taught),Full-time,2021/22,South East,100
All,Greece,Postgraduate (taught),Full-time,2021/22,South West,50
All,Greece,Postgraduate (taught),Full-time,2021/22,The Open University in England,0
All,Greece,Postgraduate (taught),Full-time,2021/22,England,1005
All,Greece,Postgraduate (taught),Full-time,2021/22,Wales,50
All,Greece,Postgraduate (taught),Full-time,2021/22,Scotland,180
All,Greece,Postgraduate (taught),Full-time,2021/22,Northern Ireland,0
All,Greece,Postgraduate (taught),Full-time,2021/22,Total United Kingdom,1235
All,Greece,Postgraduate (taught),Part-time,2021/22,North East,10
All,Greece,Postgraduate (taught),Part-time,2021/22,North West,45
All,Greece,Postgraduate (taught),Part-time,2021/22,Yorkshire and The Humber,25
All,Greece,Postgraduate (taught),Part-time,2021/22,East Midlands,10
All,Greece,Postgraduate (taught),Part-time,2021/22,West Midlands,30
All,Greece,Postgraduate (taught),Part-time,2021/22,East of England,15
All,Greece,Postgraduate (taught),Part-time,2021/22,London,135
All,Greece,Postgraduate (taught),Part-time,2021/22,South East,30
All,Greece,Postgraduate (taught),Part-time,2021/22,South West,20
All,Greece,Postgraduate (taught),Part-time,2021/22,The Open University in England,0
All,Greece,Postgraduate (taught),Part-time,2021/22,England,315
All,Greece,Postgraduate (taught),Part-time,2021/22,Wales,20
All,Greece,Postgraduate (taught),Part-time,2021/22,Scotland,65
All,Greece,Postgraduate (taught),Part-time,2021/22,Northern Ireland,5
All,Greece,Postgraduate (taught),Part-time,2021/22,Total United Kingdom,400
All,Greece,Postgraduate (taught),All,2021/22,North East,90
All,Greece,Postgraduate (taught),All,2021/22,North West,95
All,Greece,Postgraduate (taught),All,2021/22,Yorkshire and The Humber,65
All,Greece,Postgraduate (taught),All,2021/22,East Midlands,35
All,Greece,Postgraduate (taught),All,2021/22,West Midlands,75
All,Greece,Postgraduate (taught),All,2021/22,East of England,65
All,Greece,Postgraduate (taught),All,2021/22,London,695
All,Greece,Postgraduate (taught),All,2021/22,South East,130
All,Greece,Postgraduate (taught),All,2021/22,South West,65
All,Greece,Postgraduate (taught),All,2021/22,The Open University in England,0
All,Greece,Postgraduate (taught),All,2021/22,England,1320
All,Greece,Postgraduate (taught),All,2021/22,Wales,65
All,Greece,Postgraduate (taught),All,2021/22,Scotland,245
All,Greece,Postgraduate (taught),All,2021/22,Northern Ireland,5
All,Greece,Postgraduate (taught),All,2021/22,Total United Kingdom,1635
All,Greece,All postgraduate,Full-time,2021/22,North East,105
All,Greece,All postgraduate,Full-time,2021/22,North West,125
All,Greece,All postgraduate,Full-time,2021/22,Yorkshire and The Humber,90
All,Greece,All postgraduate,Full-time,2021/22,East Midlands,70
All,Greece,All postgraduate,Full-time,2021/22,West Midlands,105
All,Greece,All postgraduate,Full-time,2021/22,East of England,130
All,Greece,All postgraduate,Full-time,2021/22,London,775
All,Greece,All postgraduate,Full-time,2021/22,South East,220
All,Greece,All postgraduate,Full-time,2021/22,South West,80
All,Greece,All postgraduate,Full-time,2021/22,The Open University in England,0
All,Greece,All postgraduate,Full-time,2021/22,England,1685
All,Greece,All postgraduate,Full-time,2021/22,Wales,65
All,Greece,All postgraduate,Full-time,2021/22,Scotland,315
All,Greece,All postgraduate,Full-time,2021/22,Northern Ireland,15
All,Greece,All postgraduate,Full-time,2021/22,Total United Kingdom,2080
All,Greece,All postgraduate,Part-time,2021/22,North East,20
All,Greece,All postgraduate,Part-time,2021/22,North West,55
All,Greece,All postgraduate,Part-time,2021/22,Yorkshire and The Humber,30
All,Greece,All postgraduate,Part-time,2021/22,East Midlands,15
All,Greece,All postgraduate,Part-time,2021/22,West Midlands,45
All,Greece,All postgraduate,Part-time,2021/22,East of England,25
All,Greece,All postgraduate,Part-time,2021/22,London,180
All,Greece,All postgraduate,Part-time,2021/22,South East,45
All,Greece,All postgraduate,Part-time,2021/22,South West,25
All,Greece,All postgraduate,Part-time,2021/22,The Open University in England,0
All,Greece,All postgraduate,Part-time,2021/22,England,440
All,Greece,All postgraduate,Part-time,2021/22,Wales,25
All,Greece,All postgraduate,Part-time,2021/22,Scotland,85
All,Greece,All postgraduate,Part-time,2021/22,Northern Ireland,5
All,Greece,All postgraduate,Part-time,2021/22,Total United Kingdom,550
All,Greece,All postgraduate,All,2021/22,North East,120
All,Greece,All postgraduate,All,2021/22,North West,180
All,Greece,All postgraduate,All,2021/22,Yorkshire and The Humber,120
All,Greece,All postgraduate,All,2021/22,East Midlands,85
All,Greece,All postgraduate,All,2021/22,West Midlands,145
All,Greece,All postgraduate,All,2021/22,East of England,155
All,Greece,All postgraduate,All,2021/22,London,955
All,Greece,All postgraduate,All,2021/22,South East,260
All,Greece,All postgraduate,All,2021/22,South West,105
All,Greece,All postgraduate,All,2021/22,The Open University in England,0
All,Greece,All postgraduate,All,2021/22,England,2130
All,Greece,All postgraduate,All,2021/22,Wales,90
All,Greece,All postgraduate,All,2021/22,Scotland,400
All,Greece,All postgraduate,All,2021/22,Northern Ireland,15
All,Greece,All postgraduate,All,2021/22,Total United Kingdom,2630
All,Greece,First degree,Full-time,2021/22,North East,340
All,Greece,First degree,Full-time,2021/22,North West,210
All,Greece,First degree,Full-time,2021/22,Yorkshire and The Humber,215
All,Greece,First degree,Full-time,2021/22,East Midlands,170
All,Greece,First degree,Full-time,2021/22,West Midlands,235
All,Greece,First degree,Full-time,2021/22,East of England,230
All,Greece,First degree,Full-time,2021/22,London,950
All,Greece,First degree,Full-time,2021/22,South East,800
All,Greece,First degree,Full-time,2021/22,South West,415
All,Greece,First degree,Full-time,2021/22,The Open University in England,0
All,Greece,First degree,Full-time,2021/22,England,3565
All,Greece,First degree,Full-time,2021/22,Wales,175
All,Greece,First degree,Full-time,2021/22,Scotland,535
All,Greece,First degree,Full-time,2021/22,Northern Ireland,5
All,Greece,First degree,Full-time,2021/22,Total United Kingdom,4285
All,Greece,First degree,Part-time,2021/22,North East,20
All,Greece,First degree,Part-time,2021/22,North West,5
All,Greece,First degree,Part-time,2021/22,Yorkshire and The Humber,5
All,Greece,First degree,Part-time,2021/22,East Midlands,5
All,Greece,First degree,Part-time,2021/22,West Midlands,10
All,Greece,First degree,Part-time,2021/22,East of England,10
All,Greece,First degree,Part-time,2021/22,London,25
All,Greece,First degree,Part-time,2021/22,South East,25
All,Greece,First degree,Part-time,2021/22,South West,10
All,Greece,First degree,Part-time,2021/22,The Open University in England,0
All,Greece,First degree,Part-time,2021/22,England,115
All,Greece,First degree,Part-time,2021/22,Wales,5
All,Greece,First degree,Part-time,2021/22,Scotland,5
All,Greece,First degree,Part-time,2021/22,Northern Ireland,0
All,Greece,First degree,Part-time,2021/22,Total United Kingdom,125
All,Greece,First degree,All,2021/22,North East,360
All,Greece,First degree,All,2021/22,North West,215
All,Greece,First degree,All,2021/22,Yorkshire and The Humber,220
All,Greece,First degree,All,2021/22,East Midlands,175
All,Greece,First degree,All,2021/22,West Midlands,245
All,Greece,First degree,All,2021/22,East of England,245
All,Greece,First degree,All,2021/22,London,970
All,Greece,First degree,All,2021/22,South East,825
All,Greece,First degree,All,2021/22,South West,425
All,Greece,First degree,All,2021/22,The Open University in England,0
All,Greece,First degree,All,2021/22,England,3680
All,Greece,First degree,All,2021/22,Wales,180
All,Greece,First degree,All,2021/22,Scotland,540
All,Greece,First degree,All,2021/22,Northern Ireland,5
All,Greece,First degree,All,2021/22,Total United Kingdom,4410
All,Greece,Other undergraduate,Full-time,2021/22,North East,0
All,Greece,Other undergraduate,Full-time,2021/22,North West,0
All,Greece,Other undergraduate,Full-time,2021/22,Yorkshire and The Humber,0
All,Greece,Other undergraduate,Full-time,2021/22,East Midlands,0
All,Greece,Other undergraduate,Full-time,2021/22,West Midlands,0
All,Greece,Other undergraduate,Full-time,2021/22,East of England,5
All,Greece,Other undergraduate,Full-time,2021/22,London,5
All,Greece,Other undergraduate,Full-time,2021/22,South East,5
All,Greece,Other undergraduate,Full-time,2021/22,South West,0
All,Greece,Other undergraduate,Full-time,2021/22,The Open University in England,0
All,Greece,Other undergraduate,Full-time,2021/22,England,15
All,Greece,Other undergraduate,Full-time,2021/22,Wales,0
All,Greece,Other undergraduate,Full-time,2021/22,Scotland,0
All,Greece,Other undergraduate,Full-time,2021/22,Northern Ireland,0
All,Greece,Other undergraduate,Full-time,2021/22,Total United Kingdom,15
All,Greece,Other undergraduate,Part-time,2021/22,North East,0
All,Greece,Other undergraduate,Part-time,2021/22,North West,0
All,Greece,Other undergraduate,Part-time,2021/22,Yorkshire and The Humber,5
All,Greece,Other undergraduate,Part-time,2021/22,East Midlands,0
All,Greece,Other undergraduate,Part-time,2021/22,West Midlands,5
All,Greece,Other undergraduate,Part-time,2021/22,East of England,5
All,Greece,Other undergraduate,Part-time,2021/22,London,5
All,Greece,Other undergraduate,Part-time,2021/22,South East,0
All,Greece,Other undergraduate,Part-time,2021/22,South West,0
All,Greece,Other undergraduate,Part-time,2021/22,The Open University in England,0
All,Greece,Other undergraduate,Part-time,2021/22,England,25
All,Greece,Other undergraduate,Part-time,2021/22,Wales,5
All,Greece,Other undergraduate,Part-time,2021/22,Scotland,10
All,Greece,Other undergraduate,Part-time,2021/22,Northern Ireland,0
All,Greece,Other undergraduate,Part-time,2021/22,Total United Kingdom,40
All,Greece,Other undergraduate,All,2021/22,North East,0
All,Greece,Other undergraduate,All,2021/22,North West,0
All,Greece,Other undergraduate,All,2021/22,Yorkshire and The Humber,5
All,Greece,Other undergraduate,All,2021/22,East Midlands,5
All,Greece,Other undergraduate,All,2021/22,West Midlands,5
All,Greece,Other undergraduate,All,2021/22,East of England,5
All,Greece,Other undergraduate,All,2021/22,London,10
All,Greece,Other undergraduate,All,2021/22,South East,5
All,Greece,Other undergraduate,All,2021/22,South West,0
All,Greece,Other undergraduate,All,2021/22,The Open University in England,0
All,Greece,Other undergraduate,All,2021/22,England,40
All,Greece,Other undergraduate,All,2021/22,Wales,5
All,Greece,Other undergraduate,All,2021/22,Scotland,10
All,Greece,Other undergraduate,All,2021/22,Northern Ireland,0
All,Greece,Other undergraduate,All,2021/22,Total United Kingdom,55
All,Greece,All undergraduate,Full-time,2021/22,North East,340
All,Greece,All undergraduate,Full-time,2021/22,North West,210
All,Greece,All undergraduate,Full-time,2021/22,Yorkshire and The Humber,215
All,Greece,All undergraduate,Full-time,2021/22,East Midlands,170
All,Greece,All undergraduate,Full-time,2021/22,West Midlands,235
All,Greece,All undergraduate,Full-time,2021/22,East of England,235
All,Greece,All undergraduate,Full-time,2021/22,London,955
All,Greece,All undergraduate,Full-time,2021/22,South East,805
All,Greece,All undergraduate,Full-time,2021/22,South West,415
All,Greece,All undergraduate,Full-time,2021/22,The Open University in England,0
All,Greece,All undergraduate,Full-time,2021/22,England,3580
All,Greece,All undergraduate,Full-time,2021/22,Wales,175
All,Greece,All undergraduate,Full-time,2021/22,Scotland,540
All,Greece,All undergraduate,Full-time,2021/22,Northern Ireland,5
All,Greece,All undergraduate,Full-time,2021/22,Total United Kingdom,4300
All,Greece,All undergraduate,Part-time,2021/22,North East,20
All,Greece,All undergraduate,Part-time,2021/22,North West,5
All,Greece,All undergraduate,Part-time,2021/22,Yorkshire and The Humber,10
All,Greece,All undergraduate,Part-time,2021/22,East Midlands,5
All,Greece,All undergraduate,Part-time,2021/22,West Midlands,15
All,Greece,All undergraduate,Part-time,2021/22,East of England,15
All,Greece,All undergraduate,Part-time,2021/22,London,30
All,Greece,All undergraduate,Part-time,2021/22,South East,25
All,Greece,All undergraduate,Part-time,2021/22,South West,10
All,Greece,All undergraduate,Part-time,2021/22,The Open University in England,0
All,Greece,All undergraduate,Part-time,2021/22,England,140
All,Greece,All undergraduate,Part-time,2021/22,Wales,10
All,Greece,All undergraduate,Part-time,2021/22,Scotland,15
All,Greece,All undergraduate,Part-time,2021/22,Northern Ireland,0
All,Greece,All undergraduate,Part-time,2021/22,Total United Kingdom,165
All,Greece,All undergraduate,All,2021/22,North East,360
All,Greece,All undergraduate,All,2021/22,North West,215
All,Greece,All undergraduate,All,2021/22,Yorkshire and The Humber,230
All,Greece,All undergraduate,All,2021/22,East Midlands,175
All,Greece,All undergraduate,All,2021/22,West Midlands,250
All,Greece,All undergraduate,All,2021/22,East of England,250
All,Greece,All undergraduate,All,2021/22,London,985
All,Greece,All undergraduate,All,2021/22,South East,830
All,Greece,All undergraduate,All,2021/22,South West,425
All,Greece,All undergraduate,All,2021/22,The Open University in England,0
All,Greece,All undergraduate,All,2021/22,England,3720
All,Greece,All undergraduate,All,2021/22,Wales,185
All,Greece,All undergraduate,All,2021/22,Scotland,555
All,Greece,All undergraduate,All,2021/22,Northern Ireland,5
All,Greece,All undergraduate,All,2021/22,Total United Kingdom,4465
All,Russia,All,Full-time,2021/22,North East,100
All,Russia,All,Full-time,2021/22,North West,165
All,Russia,All,Full-time,2021/22,Yorkshire and The Humber,85
All,Russia,All,Full-time,2021/22,East Midlands,95
All,Russia,All,Full-time,2021/22,West Midlands,120
All,Russia,All,Full-time,2021/22,East of England,170
All,Russia,All,Full-time,2021/22,London,1515
All,Russia,All,Full-time,2021/22,South East,355
All,Russia,All,Full-time,2021/22,South West,225
All,Russia,All,Full-time,2021/22,The Open University in England,0
All,Russia,All,Full-time,2021/22,England,2830
All,Russia,All,Full-time,2021/22,Wales,40
All,Russia,All,Full-time,2021/22,Scotland,275
All,Russia,All,Full-time,2021/22,Northern Ireland,15
All,Russia,All,Full-time,2021/22,Total United Kingdom,3160
All,Russia,All,Part-time,2021/22,North East,5
All,Russia,All,Part-time,2021/22,North West,5
All,Russia,All,Part-time,2021/22,Yorkshire and The Humber,5
All,Russia,All,Part-time,2021/22,East Midlands,5
All,Russia,All,Part-time,2021/22,West Midlands,20
All,Russia,All,Part-time,2021/22,East of England,5
All,Russia,All,Part-time,2021/22,London,80
All,Russia,All,Part-time,2021/22,South East,35
All,Russia,All,Part-time,2021/22,South West,5
All,Russia,All,Part-time,2021/22,The Open University in England,0
All,Russia,All,Part-time,2021/22,England,165
All,Russia,All,Part-time,2021/22,Wales,5
All,Russia,All,Part-time,2021/22,Scotland,25
All,Russia,All,Part-time,2021/22,Northern Ireland,0
All,Russia,All,Part-time,2021/22,Total United Kingdom,195
All,Russia,All,All,2021/22,North East,105
All,Russia,All,All,2021/22,North West,170
All,Russia,All,All,2021/22,Yorkshire and The Humber,95
All,Russia,All,All,2021/22,East Midlands,100
All,Russia,All,All,2021/22,West Midlands,140
All,Russia,All,All,2021/22,East of England,170
All,Russia,All,All,2021/22,London,1595
All,Russia,All,All,2021/22,South East,390
All,Russia,All,All,2021/22,South West,225
All,Russia,All,All,2021/22,The Open University in England,0
All,Russia,All,All,2021/22,England,2995
All,Russia,All,All,2021/22,Wales,45
All,Russia,All,All,2021/22,Scotland,295
All,Russia,All,All,2021/22,Northern Ireland,20
All,Russia,All,All,2021/22,Total United Kingdom,3355
All,Russia,Postgraduate (research),Full-time,2021/22,North East,10
All,Russia,Postgraduate (research),Full-time,2021/22,North West,20
All,Russia,Postgraduate (research),Full-time,2021/22,Yorkshire and The Humber,5
All,Russia,Postgraduate (research),Full-time,2021/22,East Midlands,5
All,Russia,Postgraduate (research),Full-time,2021/22,West Midlands,20
All,Russia,Postgraduate (research),Full-time,2021/22,East of England,35
All,Russia,Postgraduate (research),Full-time,2021/22,London,55
All,Russia,Postgraduate (research),Full-time,2021/22,South East,40
All,Russia,Postgraduate (research),Full-time,2021/22,South West,10
All,Russia,Postgraduate (research),Full-time,2021/22,The Open University in England,0
All,Russia,Postgraduate (research),Full-time,2021/22,England,200
All,Russia,Postgraduate (research),Full-time,2021/22,Wales,0
All,Russia,Postgraduate (research),Full-time,2021/22,Scotland,20
All,Russia,Postgraduate (research),Full-time,2021/22,Northern Ireland,0
All,Russia,Postgraduate (research),Full-time,2021/22,Total United Kingdom,220
All,Russia,Postgraduate (research),Part-time,2021/22,North East,0
All,Russia,Postgraduate (research),Part-time,2021/22,North West,0
All,Russia,Postgraduate (research),Part-time,2021/22,Yorkshire and The Humber,0
All,Russia,Postgraduate (research),Part-time,2021/22,East Midlands,0
All,Russia,Postgraduate (research),Part-time,2021/22,West Midlands,0
All,Russia,Postgraduate (research),Part-time,2021/22,East of England,0
All,Russia,Postgraduate (research),Part-time,2021/22,London,5
All,Russia,Postgraduate (research),Part-time,2021/22,South East,0
All,Russia,Postgraduate (research),Part-time,2021/22,South West,0
All,Russia,Postgraduate (research),Part-time,2021/22,The Open University in England,0
All,Russia,Postgraduate (research),Part-time,2021/22,England,10
All,Russia,Postgraduate (research),Part-time,2021/22,Wales,0
All,Russia,Postgraduate (research),Part-time,2021/22,Scotland,0
All,Russia,Postgraduate (research),Part-time,2021/22,Northern Ireland,0
All,Russia,Postgraduate (research),Part-time,2021/22,Total United Kingdom,10
All,Russia,Postgraduate (research),All,2021/22,North East,10
All,Russia,Postgraduate (research),All,2021/22,North West,20
All,Russia,Postgraduate (research),All,2021/22,Yorkshire and The Humber,5
All,Russia,Postgraduate (research),All,2021/22,East Midlands,10
All,Russia,Postgraduate (research),All,2021/22,West Midlands,20
All,Russia,Postgraduate (research),All,2021/22,East of England,35
All,Russia,Postgraduate (research),All,2021/22,London,60
All,Russia,Postgraduate (research),All,2021/22,South East,40
All,Russia,Postgraduate (research),All,2021/22,South West,10
All,Russia,Postgraduate (research),All,2021/22,The Open University in England,0
All,Russia,Postgraduate (research),All,2021/22,England,210
All,Russia,Postgraduate (research),All,2021/22,Wales,0
All,Russia,Postgraduate (research),All,2021/22,Scotland,20
All,Russia,Postgraduate (research),All,2021/22,Northern Ireland,0
All,Russia,Postgraduate (research),All,2021/22,Total United Kingdom,230
All,Russia,Postgraduate (taught),Full-time,2021/22,North East,20
All,Russia,Postgraduate (taught),Full-time,2021/22,North West,35
All,Russia,Postgraduate (taught),Full-time,2021/22,Yorkshire and The Humber,20
All,Russia,Postgraduate (taught),Full-time,2021/22,East Midlands,15
All,Russia,Postgraduate (taught),Full-time,2021/22,West Midlands,35
All,Russia,Postgraduate (taught),Full-time,2021/22,East of England,35
All,Russia,Postgraduate (taught),Full-time,2021/22,London,460
All,Russia,Postgraduate (taught),Full-time,2021/22,South East,65
All,Russia,Postgraduate (taught),Full-time,2021/22,South West,30
All,Russia,Postgraduate (taught),Full-time,2021/22,The Open University in England,0
All,Russia,Postgraduate (taught),Full-time,2021/22,England,715
All,Russia,Postgraduate (taught),Full-time,2021/22,Wales,10
All,Russia,Postgraduate (taught),Full-time,2021/22,Scotland,95
All,Russia,Postgraduate (taught),Full-time,2021/22,Northern Ireland,10
All,Russia,Postgraduate (taught),Full-time,2021/22,Total United Kingdom,830
All,Russia,Postgraduate (taught),Part-time,2021/22,North East,0
All,Russia,Postgraduate (taught),Part-time,2021/22,North West,5
All,Russia,Postgraduate (taught),Part-time,2021/22,Yorkshire and The Humber,5
All,Russia,Postgraduate (taught),Part-time,2021/22,East Midlands,5
All,Russia,Postgraduate (taught),Part-time,2021/22,West Midlands,10
All,Russia,Postgraduate (taught),Part-time,2021/22,East of England,0
All,Russia,Postgraduate (taught),Part-time,2021/22,London,50
All,Russia,Postgraduate (taught),Part-time,2021/22,South East,25
All,Russia,Postgraduate (taught),Part-time,2021/22,South West,5
All,Russia,Postgraduate (taught),Part-time,2021/22,The Open University in England,0
All,Russia,Postgraduate (taught),Part-time,2021/22,England,110
All,Russia,Postgraduate (taught),Part-time,2021/22,Wales,0
All,Russia,Postgraduate (taught),Part-time,2021/22,Scotland,15
All,Russia,Postgraduate (taught),Part-time,2021/22,Northern Ireland,0
All,Russia,Postgraduate (taught),Part-time,2021/22,Total United Kingdom,125
All,Russia,Postgraduate (taught),All,2021/22,North East,25
All,Russia,Postgraduate (taught),All,2021/22,North West,40
All,Russia,Postgraduate (taught),All,2021/22,Yorkshire and The Humber,25
All,Russia,Postgraduate (taught),All,2021/22,East Midlands,20
All,Russia,Postgraduate (taught),All,2021/22,West Midlands,45
All,Russia,Postgraduate (taught),All,2021/22,East of England,35
All,Russia,Postgraduate (taught),All,2021/22,London,510
All,Russia,Postgraduate (taught),All,2021/22,South East,95
All,Russia,Postgraduate (taught),All,2021/22,South West,35
All,Russia,Postgraduate (taught),All,2021/22,The Open University in England,0
All,Russia,Postgraduate (taught),All,2021/22,England,825
All,Russia,Postgraduate (taught),All,2021/22,Wales,15
All,Russia,Postgraduate (taught),All,2021/22,Scotland,110
All,Russia,Postgraduate (taught),All,2021/22,Northern Ireland,10
All,Russia,Postgraduate (taught),All,2021/22,Total United Kingdom,955
All,Russia,All postgraduate,Full-time,2021/22,North East,30
All,Russia,All postgraduate,Full-time,2021/22,North West,55
All,Russia,All postgraduate,Full-time,2021/22,Yorkshire and The Humber,25
All,Russia,All postgraduate,Full-time,2021/22,East Midlands,25
All,Russia,All postgraduate,Full-time,2021/22,West Midlands,50
All,Russia,All postgraduate,Full-time,2021/22,East of England,70
All,Russia,All postgraduate,Full-time,2021/22,London,515
All,Russia,All postgraduate,Full-time,2021/22,South East,105
All,Russia,All postgraduate,Full-time,2021/22,South West,40
All,Russia,All postgraduate,Full-time,2021/22,The Open University in England,0
All,Russia,All postgraduate,Full-time,2021/22,England,915
All,Russia,All postgraduate,Full-time,2021/22,Wales,15
All,Russia,All postgraduate,Full-time,2021/22,Scotland,115
All,Russia,All postgraduate,Full-time,2021/22,Northern Ireland,10
All,Russia,All postgraduate,Full-time,2021/22,Total United Kingdom,1050
All,Russia,All postgraduate,Part-time,2021/22,North East,0
All,Russia,All postgraduate,Part-time,2021/22,North West,5
All,Russia,All postgraduate,Part-time,2021/22,Yorkshire and The Humber,5
All,Russia,All postgraduate,Part-time,2021/22,East Midlands,5
All,Russia,All postgraduate,Part-time,2021/22,West Midlands,10
All,Russia,All postgraduate,Part-time,2021/22,East of England,0
All,Russia,All postgraduate,Part-time,2021/22,London,55
All,Russia,All postgraduate,Part-time,2021/22,South East,30
All,Russia,All postgraduate,Part-time,2021/22,South West,5
All,Russia,All postgraduate,Part-time,2021/22,The Open University in England,0
All,Russia,All postgraduate,Part-time,2021/22,England,120
All,Russia,All postgraduate,Part-time,2021/22,Wales,0
All,Russia,All postgraduate,Part-time,2021/22,Scotland,15
All,Russia,All postgraduate,Part-time,2021/22,Northern Ireland,0
All,Russia,All postgraduate,Part-time,2021/22,Total United Kingdom,135
All,Russia,All postgraduate,All,2021/22,North East,35
All,Russia,All postgraduate,All,2021/22,North West,60
All,Russia,All postgraduate,All,2021/22,Yorkshire and The Humber,30
All,Russia,All postgraduate,All,2021/22,East Midlands,30
All,Russia,All postgraduate,All,2021/22,West Midlands,65
All,Russia,All postgraduate,All,2021/22,East of England,75
All,Russia,All postgraduate,All,2021/22,London,570
All,Russia,All postgraduate,All,2021/22,South East,130
All,Russia,All postgraduate,All,2021/22,South West,40
All,Russia,All postgraduate,All,2021/22,The Open University in England,0
All,Russia,All postgraduate,All,2021/22,England,1035
All,Russia,All postgraduate,All,2021/22,Wales,15
All,Russia,All postgraduate,All,2021/22,Scotland,125
All,Russia,All postgraduate,All,2021/22,Northern Ireland,10
All,Russia,All postgraduate,All,2021/22,Total United Kingdom,1185
All,Russia,First degree,Full-time,2021/22,North East,60
All,Russia,First degree,Full-time,2021/22,North West,110
All,Russia,First degree,Full-time,2021/22,Yorkshire and The Humber,60
All,Russia,First degree,Full-time,2021/22,East Midlands,70
All,Russia,First degree,Full-time,2021/22,West Midlands,70
All,Russia,First degree,Full-time,2021/22,East of England,85
All,Russia,First degree,Full-time,2021/22,London,965
All,Russia,First degree,Full-time,2021/22,South East,245
All,Russia,First degree,Full-time,2021/22,South West,175
All,Russia,First degree,Full-time,2021/22,The Open University in England,0
All,Russia,First degree,Full-time,2021/22,England,1840
All,Russia,First degree,Full-time,2021/22,Wales,30
All,Russia,First degree,Full-time,2021/22,Scotland,150
All,Russia,First degree,Full-time,2021/22,Northern Ireland,5
All,Russia,First degree,Full-time,2021/22,Total United Kingdom,2025
All,Russia,First degree,Part-time,2021/22,North East,0
All,Russia,First degree,Part-time,2021/22,North West,0
All,Russia,First degree,Part-time,2021/22,Yorkshire and The Humber,0
All,Russia,First degree,Part-time,2021/22,East Midlands,0
All,Russia,First degree,Part-time,2021/22,West Midlands,0
All,Russia,First degree,Part-time,2021/22,East of England,0
All,Russia,First degree,Part-time,2021/22,London,15
All,Russia,First degree,Part-time,2021/22,South East,0
All,Russia,First degree,Part-time,2021/22,South West,0
All,Russia,First degree,Part-time,2021/22,The Open University in England,0
All,Russia,First degree,Part-time,2021/22,England,20
All,Russia,First degree,Part-time,2021/22,Wales,5
All,Russia,First degree,Part-time,2021/22,Scotland,5
All,Russia,First degree,Part-time,2021/22,Northern Ireland,0
All,Russia,First degree,Part-time,2021/22,Total United Kingdom,30
All,Russia,First degree,All,2021/22,North East,60
All,Russia,First degree,All,2021/22,North West,110
All,Russia,First degree,All,2021/22,Yorkshire and The Humber,60
All,Russia,First degree,All,2021/22,East Midlands,70
All,Russia,First degree,All,2021/22,West Midlands,70
All,Russia,First degree,All,2021/22,East of England,85
All,Russia,First degree,All,2021/22,London,980
All,Russia,First degree,All,2021/22,South East,245
All,Russia,First degree,All,2021/22,South West,175
All,Russia,First degree,All,2021/22,The Open University in England,0
All,Russia,First degree,All,2021/22,England,1865
All,Russia,First degree,All,2021/22,Wales,30
All,Russia,First degree,All,2021/22,Scotland,150
All,Russia,First degree,All,2021/22,Northern Ireland,5
All,Russia,First degree,All,2021/22,Total United Kingdom,2050
All,Russia,Other undergraduate,Full-time,2021/22,North East,10
All,Russia,Other undergraduate,Full-time,2021/22,North West,0
All,Russia,Other undergraduate,Full-time,2021/22,Yorkshire and The Humber,0
All,Russia,Other undergraduate,Full-time,2021/22,East Midlands,0
All,Russia,Other undergraduate,Full-time,2021/22,West Midlands,0
All,Russia,Other undergraduate,Full-time,2021/22,East of England,10
All,Russia,Other undergraduate,Full-time,2021/22,London,35
All,Russia,Other undergraduate,Full-time,2021/22,South East,10
All,Russia,Other undergraduate,Full-time,2021/22,South West,10
All,Russia,Other undergraduate,Full-time,2021/22,The Open University in England,0
All,Russia,Other undergraduate,Full-time,2021/22,England,75
All,Russia,Other undergraduate,Full-time,2021/22,Wales,0
All,Russia,Other undergraduate,Full-time,2021/22,Scotland,10
All,Russia,Other undergraduate,Full-time,2021/22,Northern Ireland,0
All,Russia,Other undergraduate,Full-time,2021/22,Total United Kingdom,90
All,Russia,Other undergraduate,Part-time,2021/22,North East,0
All,Russia,Other undergraduate,Part-time,2021/22,North West,0
All,Russia,Other undergraduate,Part-time,2021/22,Yorkshire and The Humber,0
All,Russia,Other undergraduate,Part-time,2021/22,East Midlands,0
All,Russia,Other undergraduate,Part-time,2021/22,West Midlands,5
All,Russia,Other undergraduate,Part-time,2021/22,East of England,0
All,Russia,Other undergraduate,Part-time,2021/22,London,10
All,Russia,Other undergraduate,Part-time,2021/22,South East,5
All,Russia,Other undergraduate,Part-time,2021/22,South West,0
All,Russia,Other undergraduate,Part-time,2021/22,The Open University in England,0
All,Russia,Other undergraduate,Part-time,2021/22,England,20
All,Russia,Other undergraduate,Part-time,2021/22,Wales,0
All,Russia,Other undergraduate,Part-time,2021/22,Scotland,10
All,Russia,Other undergraduate,Part-time,2021/22,Northern Ireland,0
All,Russia,Other undergraduate,Part-time,2021/22,Total United Kingdom,30
All,Russia,Other undergraduate,All,2021/22,North East,10
All,Russia,Other undergraduate,All,2021/22,North West,0
All,Russia,Other undergraduate,All,2021/22,Yorkshire and The Humber,0
All,Russia,Other undergraduate,All,2021/22,East Midlands,0
All,Russia,Other undergraduate,All,2021/22,West Midlands,5
All,Russia,Other undergraduate,All,2021/22,East of England,15
All,Russia,Other undergraduate,All,2021/22,London,45
All,Russia,Other undergraduate,All,2021/22,South East,10
All,Russia,Other undergraduate,All,2021/22,South West,10
All,Russia,Other undergraduate,All,2021/22,The Open University in England,0
All,Russia,Other undergraduate,All,2021/22,England,95
All,Russia,Other undergraduate,All,2021/22,Wales,0
All,Russia,Other undergraduate,All,2021/22,Scotland,20
All,Russia,Other undergraduate,All,2021/22,Northern Ireland,5
All,Russia,Other undergraduate,All,2021/22,Total United Kingdom,120
All,Russia,All undergraduate,Full-time,2021/22,North East,65
All,Russia,All undergraduate,Full-time,2021/22,North West,110
All,Russia,All undergraduate,Full-time,2021/22,Yorkshire and The Humber,60
All,Russia,All undergraduate,Full-time,2021/22,East Midlands,75
All,Russia,All undergraduate,Full-time,2021/22,West Midlands,70
All,Russia,All undergraduate,Full-time,2021/22,East of England,100
All,Russia,All undergraduate,Full-time,2021/22,London,1000
All,Russia,All undergraduate,Full-time,2021/22,South East,250
All,Russia,All undergraduate,Full-time,2021/22,South West,185
All,Russia,All undergraduate,Full-time,2021/22,The Open University in England,0
All,Russia,All undergraduate,Full-time,2021/22,England,1920
All,Russia,All undergraduate,Full-time,2021/22,Wales,30
All,Russia,All undergraduate,Full-time,2021/22,Scotland,160
All,Russia,All undergraduate,Full-time,2021/22,Northern Ireland,5
All,Russia,All undergraduate,Full-time,2021/22,Total United Kingdom,2110
All,Russia,All undergraduate,Part-time,2021/22,North East,0
All,Russia,All undergraduate,Part-time,2021/22,North West,0
All,Russia,All undergraduate,Part-time,2021/22,Yorkshire and The Humber,0
All,Russia,All undergraduate,Part-time,2021/22,East Midlands,0
All,Russia,All undergraduate,Part-time,2021/22,West Midlands,5
All,Russia,All undergraduate,Part-time,2021/22,East of England,0
All,Russia,All undergraduate,Part-time,2021/22,London,25
All,Russia,All undergraduate,Part-time,2021/22,South East,5
All,Russia,All undergraduate,Part-time,2021/22,South West,0
All,Russia,All undergraduate,Part-time,2021/22,The Open University in England,0
All,Russia,All undergraduate,Part-time,2021/22,England,40
All,Russia,All undergraduate,Part-time,2021/22,Wales,5
All,Russia,All undergraduate,Part-time,2021/22,Scotland,10
All,Russia,All undergraduate,Part-time,2021/22,Northern Ireland,0
All,Russia,All undergraduate,Part-time,2021/22,Total United Kingdom,60
All,Russia,All undergraduate,All,2021/22,North East,70
All,Russia,All undergraduate,All,2021/22,North West,110
All,Russia,All undergraduate,All,2021/22,Yorkshire and The Humber,60
All,Russia,All undergraduate,All,2021/22,East Midlands,75
All,Russia,All undergraduate,All,2021/22,West Midlands,75
All,Russia,All undergraduate,All,2021/22,East of England,100
All,Russia,All undergraduate,All,2021/22,London,1025
All,Russia,All undergraduate,All,2021/22,South East,255
All,Russia,All undergraduate,All,2021/22,South West,185
All,Russia,All undergraduate,All,2021/22,The Open University in England,0
All,Russia,All undergraduate,All,2021/22,England,1960
All,Russia,All undergraduate,All,2021/22,Wales,35
All,Russia,All undergraduate,All,2021/22,Scotland,170
All,Russia,All undergraduate,All,2021/22,Northern Ireland,5
All,Russia,All undergraduate,All,2021/22,Total United Kingdom,2170
All,Turkey,All,Full-time,2021/22,North East,140
All,Turkey,All,Full-time,2021/22,North West,270
All,Turkey,All,Full-time,2021/22,Yorkshire and The Humber,190
All,Turkey,All,Full-time,2021/22,East Midlands,285
All,Turkey,All,Full-time,2021/22,West Midlands,240
All,Turkey,All,Full-time,2021/22,East of England,250
All,Turkey,All,Full-time,2021/22,London,1875
All,Turkey,All,Full-time,2021/22,South East,615
All,Turkey,All,Full-time,2021/22,South West,395
All,Turkey,All,Full-time,2021/22,The Open University in England,0
All,Turkey,All,Full-time,2021/22,England,4250
All,Turkey,All,Full-time,2021/22,Wales,105
All,Turkey,All,Full-time,2021/22,Scotland,370
All,Turkey,All,Full-time,2021/22,Northern Ireland,45
All,Turkey,All,Full-time,2021/22,Total United Kingdom,4770
All,Turkey,All,Part-time,2021/22,North East,5
All,Turkey,All,Part-time,2021/22,North West,10
All,Turkey,All,Part-time,2021/22,Yorkshire and The Humber,10
All,Turkey,All,Part-time,2021/22,East Midlands,5
All,Turkey,All,Part-time,2021/22,West Midlands,15
All,Turkey,All,Part-time,2021/22,East of England,15
All,Turkey,All,Part-time,2021/22,London,70
All,Turkey,All,Part-time,2021/22,South East,25
All,Turkey,All,Part-time,2021/22,South West,15
All,Turkey,All,Part-time,2021/22,The Open University in England,0
All,Turkey,All,Part-time,2021/22,England,175
All,Turkey,All,Part-time,2021/22,Wales,10
All,Turkey,All,Part-time,2021/22,Scotland,25
All,Turkey,All,Part-time,2021/22,Northern Ireland,0
All,Turkey,All,Part-time,2021/22,Total United Kingdom,210
All,Turkey,All,All,2021/22,North East,145
All,Turkey,All,All,2021/22,North West,280
All,Turkey,All,All,2021/22,Yorkshire and The Humber,200
All,Turkey,All,All,2021/22,East Midlands,290
All,Turkey,All,All,2021/22,West Midlands,250
All,Turkey,All,All,2021/22,East of England,260
All,Turkey,All,All,2021/22,London,1945
All,Turkey,All,All,2021/22,South East,640
All,Turkey,All,All,2021/22,South West,410
All,Turkey,All,All,2021/22,The Open University in England,0
All,Turkey,All,All,2021/22,England,4425
All,Turkey,All,All,2021/22,Wales,115
All,Turkey,All,All,2021/22,Scotland,395
All,Turkey,All,All,2021/22,Northern Ireland,50
All,Turkey,All,All,2021/22,Total United Kingdom,4980
All,Turkey,Postgraduate (research),Full-time,2021/22,North East,40
All,Turkey,Postgraduate (research),Full-time,2021/22,North West,75
All,Turkey,Postgraduate (research),Full-time,2021/22,Yorkshire and The Humber,70
All,Turkey,Postgraduate (research),Full-time,2021/22,East Midlands,70
All,Turkey,Postgraduate (research),Full-time,2021/22,West Midlands,65
All,Turkey,Postgraduate (research),Full-time,2021/22,East of England,65
All,Turkey,Postgraduate (research),Full-time,2021/22,London,195
All,Turkey,Postgraduate (research),Full-time,2021/22,South East,145
All,Turkey,Postgraduate (research),Full-time,2021/22,South West,90
All,Turkey,Postgraduate (research),Full-time,2021/22,The Open University in England,0
All,Turkey,Postgraduate (research),Full-time,2021/22,England,815
All,Turkey,Postgraduate (research),Full-time,2021/22,Wales,35
All,Turkey,Postgraduate (research),Full-time,2021/22,Scotland,130
All,Turkey,Postgraduate (research),Full-time,2021/22,Northern Ireland,15
All,Turkey,Postgraduate (research),Full-time,2021/22,Total United Kingdom,995
All,Turkey,Postgraduate (research),Part-time,2021/22,North East,0
All,Turkey,Postgraduate (research),Part-time,2021/22,North West,5
All,Turkey,Postgraduate (research),Part-time,2021/22,Yorkshire and The Humber,0
All,Turkey,Postgraduate (research),Part-time,2021/22,East Midlands,0
All,Turkey,Postgraduate (research),Part-time,2021/22,West Midlands,0
All,Turkey,Postgraduate (research),Part-time,2021/22,East of England,0
All,Turkey,Postgraduate (research),Part-time,2021/22,London,15
All,Turkey,Postgraduate (research),Part-time,2021/22,South East,5
All,Turkey,Postgraduate (research),Part-time,2021/22,South West,5
All,Turkey,Postgraduate (research),Part-time,2021/22,The Open University in England,0
All,Turkey,Postgraduate (research),Part-time,2021/22,England,30
All,Turkey,Postgraduate (research),Part-time,2021/22,Wales,5
All,Turkey,Postgraduate (research),Part-time,2021/22,Scotland,5
All,Turkey,Postgraduate (research),Part-time,2021/22,Northern Ireland,0
All,Turkey,Postgraduate (research),Part-time,2021/22,Total United Kingdom,40
All,Turkey,Postgraduate (research),All,2021/22,North East,40
All,Turkey,Postgraduate (research),All,2021/22,North West,75
All,Turkey,Postgraduate (research),All,2021/22,Yorkshire and The Humber,70
All,Turkey,Postgraduate (research),All,2021/22,East Midlands,70
All,Turkey,Postgraduate (research),All,2021/22,West Midlands,70
All,Turkey,Postgraduate (research),All,2021/22,East of England,65
All,Turkey,Postgraduate (research),All,2021/22,London,205
All,Turkey,Postgraduate (research),All,2021/22,South East,150
All,Turkey,Postgraduate (research),All,2021/22,South West,95
All,Turkey,Postgraduate (research),All,2021/22,The Open University in England,0
All,Turkey,Postgraduate (research),All,2021/22,England,845
All,Turkey,Postgraduate (research),All,2021/22,Wales,35
All,Turkey,Postgraduate (research),All,2021/22,Scotland,135
All,Turkey,Postgraduate (research),All,2021/22,Northern Ireland,20
All,Turkey,Postgraduate (research),All,2021/22,Total United Kingdom,1035
All,Turkey,Postgraduate (taught),Full-time,2021/22,North East,40
All,Turkey,Postgraduate (taught),Full-time,2021/22,North West,50
All,Turkey,Postgraduate (taught),Full-time,2021/22,Yorkshire and The Humber,55
All,Turkey,Postgraduate (taught),Full-time,2021/22,East Midlands,65
All,Turkey,Postgraduate (taught),Full-time,2021/22,West Midlands,75
All,Turkey,Postgraduate (taught),Full-time,2021/22,East of England,110
All,Turkey,Postgraduate (taught),Full-time,2021/22,London,680
All,Turkey,Postgraduate (taught),Full-time,2021/22,South East,225
All,Turkey,Postgraduate (taught),Full-time,2021/22,South West,125
All,Turkey,Postgraduate (taught),Full-time,2021/22,The Open University in England,0
All,Turkey,Postgraduate (taught),Full-time,2021/22,England,1420
All,Turkey,Postgraduate (taught),Full-time,2021/22,Wales,55
All,Turkey,Postgraduate (taught),Full-time,2021/22,Scotland,125
All,Turkey,Postgraduate (taught),Full-time,2021/22,Northern Ireland,25
All,Turkey,Postgraduate (taught),Full-time,2021/22,Total United Kingdom,1630
All,Turkey,Postgraduate (taught),Part-time,2021/22,North East,0
All,Turkey,Postgraduate (taught),Part-time,2021/22,North West,5
All,Turkey,Postgraduate (taught),Part-time,2021/22,Yorkshire and The Humber,10
All,Turkey,Postgraduate (taught),Part-time,2021/22,East Midlands,5
All,Turkey,Postgraduate (taught),Part-time,2021/22,West Midlands,10
All,Turkey,Postgraduate (taught),Part-time,2021/22,East of England,5
All,Turkey,Postgraduate (taught),Part-time,2021/22,London,50
All,Turkey,Postgraduate (taught),Part-time,2021/22,South East,10
All,Turkey,Postgraduate (taught),Part-time,2021/22,South West,10
All,Turkey,Postgraduate (taught),Part-time,2021/22,The Open University in England,0
All,Turkey,Postgraduate (taught),Part-time,2021/22,England,105
All,Turkey,Postgraduate (taught),Part-time,2021/22,Wales,5
All,Turkey,Postgraduate (taught),Part-time,2021/22,Scotland,15
All,Turkey,Postgraduate (taught),Part-time,2021/22,Northern Ireland,0
All,Turkey,Postgraduate (taught),Part-time,2021/22,Total United Kingdom,125
All,Turkey,Postgraduate (taught),All,2021/22,North East,40
All,Turkey,Postgraduate (taught),All,2021/22,North West,60
All,Turkey,Postgraduate (taught),All,2021/22,Yorkshire and The Humber,65
All,Turkey,Postgraduate (taught),All,2021/22,East Midlands,65
All,Turkey,Postgraduate (taught),All,2021/22,West Midlands,85
All,Turkey,Postgraduate (taught),All,2021/22,East of England,115
All,Turkey,Postgraduate (taught),All,2021/22,London,725
All,Turkey,Postgraduate (taught),All,2021/22,South East,235
All,Turkey,Postgraduate (taught),All,2021/22,South West,135
All,Turkey,Postgraduate (taught),All,2021/22,The Open University in England,0
All,Turkey,Postgraduate (taught),All,2021/22,England,1525
All,Turkey,Postgraduate (taught),All,2021/22,Wales,60
All,Turkey,Postgraduate (taught),All,2021/22,Scotland,140
All,Turkey,Postgraduate (taught),All,2021/22,Northern Ireland,30
All,Turkey,Postgraduate (taught),All,2021/22,Total United Kingdom,1755
All,Turkey,All postgraduate,Full-time,2021/22,North East,80
All,Turkey,All postgraduate,Full-time,2021/22,North West,125
All,Turkey,All postgraduate,Full-time,2021/22,Yorkshire and The Humber,125
All,Turkey,All postgraduate,Full-time,2021/22,East Midlands,135
All,Turkey,All postgraduate,Full-time,2021/22,West Midlands,145
All,Turkey,All postgraduate,Full-time,2021/22,East of England,175
All,Turkey,All postgraduate,Full-time,2021/22,London,870
All,Turkey,All postgraduate,Full-time,2021/22,South East,370
All,Turkey,All postgraduate,Full-time,2021/22,South West,220
All,Turkey,All postgraduate,Full-time,2021/22,The Open University in England,0
All,Turkey,All postgraduate,Full-time,2021/22,England,2235
All,Turkey,All postgraduate,Full-time,2021/22,Wales,90
All,Turkey,All postgraduate,Full-time,2021/22,Scotland,255
All,Turkey,All postgraduate,Full-time,2021/22,Northern Ireland,45
All,Turkey,All postgraduate,Full-time,2021/22,Total United Kingdom,2625
All,Turkey,All postgraduate,Part-time,2021/22,North East,5
All,Turkey,All postgraduate,Part-time,2021/22,North West,10
All,Turkey,All postgraduate,Part-time,2021/22,Yorkshire and The Humber,10
All,Turkey,All postgraduate,Part-time,2021/22,East Midlands,5
All,Turkey,All postgraduate,Part-time,2021/22,West Midlands,10
All,Turkey,All postgraduate,Part-time,2021/22,East of England,10
All,Turkey,All postgraduate,Part-time,2021/22,London,60
All,Turkey,All postgraduate,Part-time,2021/22,South East,15
All,Turkey,All postgraduate,Part-time,2021/22,South West,10
All,Turkey,All postgraduate,Part-time,2021/22,The Open University in England,0
All,Turkey,All postgraduate,Part-time,2021/22,England,140
All,Turkey,All postgraduate,Part-time,2021/22,Wales,10
All,Turkey,All postgraduate,Part-time,2021/22,Scotland,15
All,Turkey,All postgraduate,Part-time,2021/22,Northern Ireland,0
All,Turkey,All postgraduate,Part-time,2021/22,Total United Kingdom,165
All,Turkey,All postgraduate,All,2021/22,North East,80
All,Turkey,All postgraduate,All,2021/22,North West,135
All,Turkey,All postgraduate,All,2021/22,Yorkshire and The Humber,135
All,Turkey,All postgraduate,All,2021/22,East Midlands,140
All,Turkey,All postgraduate,All,2021/22,West Midlands,155
All,Turkey,All postgraduate,All,2021/22,East of England,180
All,Turkey,All postgraduate,All,2021/22,London,935
All,Turkey,All postgraduate,All,2021/22,South East,385
All,Turkey,All postgraduate,All,2021/22,South West,230
All,Turkey,All postgraduate,All,2021/22,The Open University in England,0
All,Turkey,All postgraduate,All,2021/22,England,2370
All,Turkey,All postgraduate,All,2021/22,Wales,95
All,Turkey,All postgraduate,All,2021/22,Scotland,275
All,Turkey,All postgraduate,All,2021/22,Northern Ireland,45
All,Turkey,All postgraduate,All,2021/22,Total United Kingdom,2790
All,Turkey,First degree,Full-time,2021/22,North East,65
All,Turkey,First degree,Full-time,2021/22,North West,145
All,Turkey,First degree,Full-time,2021/22,Yorkshire and The Humber,65
All,Turkey,First degree,Full-time,2021/22,East Midlands,150
All,Turkey,First degree,Full-time,2021/22,West Midlands,95
All,Turkey,First degree,Full-time,2021/22,East of England,75
All,Turkey,First degree,Full-time,2021/22,London,935
All,Turkey,First degree,Full-time,2021/22,South East,230
All,Turkey,First degree,Full-time,2021/22,South West,170
All,Turkey,First degree,Full-time,2021/22,The Open University in England,0
All,Turkey,First degree,Full-time,2021/22,England,1925
All,Turkey,First degree,Full-time,2021/22,Wales,15
All,Turkey,First degree,Full-time,2021/22,Scotland,110
All,Turkey,First degree,Full-time,2021/22,Northern Ireland,0
All,Turkey,First degree,Full-time,2021/22,Total United Kingdom,2055
All,Turkey,First degree,Part-time,2021/22,North East,0
All,Turkey,First degree,Part-time,2021/22,North West,0
All,Turkey,First degree,Part-time,2021/22,Yorkshire and The Humber,0
All,Turkey,First degree,Part-time,2021/22,East Midlands,0
All,Turkey,First degree,Part-time,2021/22,West Midlands,0
All,Turkey,First degree,Part-time,2021/22,East of England,0
All,Turkey,First degree,Part-time,2021/22,London,10
All,Turkey,First degree,Part-time,2021/22,South East,5
All,Turkey,First degree,Part-time,2021/22,South West,5
All,Turkey,First degree,Part-time,2021/22,The Open University in England,0
All,Turkey,First degree,Part-time,2021/22,England,25
All,Turkey,First degree,Part-time,2021/22,Wales,0
All,Turkey,First degree,Part-time,2021/22,Scotland,5
All,Turkey,First degree,Part-time,2021/22,Northern Ireland,0
All,Turkey,First degree,Part-time,2021/22,Total United Kingdom,25
All,Turkey,First degree,All,2021/22,North East,65
All,Turkey,First degree,All,2021/22,North West,145
All,Turkey,First degree,All,2021/22,Yorkshire and The Humber,65
All,Turkey,First degree,All,2021/22,East Midlands,150
All,Turkey,First degree,All,2021/22,West Midlands,95
All,Turkey,First degree,All,2021/22,East of England,75
All,Turkey,First degree,All,2021/22,London,945
All,Turkey,First degree,All,2021/22,South East,235
All,Turkey,First degree,All,2021/22,South West,175
All,Turkey,First degree,All,2021/22,The Open University in England,0
All,Turkey,First degree,All,2021/22,England,1950
All,Turkey,First degree,All,2021/22,Wales,15
All,Turkey,First degree,All,2021/22,Scotland,115
All,Turkey,First degree,All,2021/22,Northern Ireland,0
All,Turkey,First degree,All,2021/22,Total United Kingdom,2080
All,Turkey,Other undergraduate,Full-time,2021/22,North East,0
All,Turkey,Other undergraduate,Full-time,2021/22,North West,0
All,Turkey,Other undergraduate,Full-time,2021/22,Yorkshire and The Humber,0
All,Turkey,Other undergraduate,Full-time,2021/22,East Midlands,0
All,Turkey,Other undergraduate,Full-time,2021/22,West Midlands,0
All,Turkey,Other undergraduate,Full-time,2021/22,East of England,0
All,Turkey,Other undergraduate,Full-time,2021/22,London,65
All,Turkey,Other undergraduate,Full-time,2021/22,South East,15
All,Turkey,Other undergraduate,Full-time,2021/22,South West,5
All,Turkey,Other undergraduate,Full-time,2021/22,The Open University in England,0
All,Turkey,Other undergraduate,Full-time,2021/22,England,90
All,Turkey,Other undergraduate,Full-time,2021/22,Wales,0
All,Turkey,Other undergraduate,Full-time,2021/22,Scotland,5
All,Turkey,Other undergraduate,Full-time,2021/22,Northern Ireland,0
All,Turkey,Other undergraduate,Full-time,2021/22,Total United Kingdom,95
All,Turkey,Other undergraduate,Part-time,2021/22,North East,0
All,Turkey,Other undergraduate,Part-time,2021/22,North West,0
All,Turkey,Other undergraduate,Part-time,2021/22,Yorkshire and The Humber,0
All,Turkey,Other undergraduate,Part-time,2021/22,East Midlands,0
All,Turkey,Other undergraduate,Part-time,2021/22,West Midlands,0
All,Turkey,Other undergraduate,Part-time,2021/22,East of England,0
All,Turkey,Other undergraduate,Part-time,2021/22,London,5
All,Turkey,Other undergraduate,Part-time,2021/22,South East,5
All,Turkey,Other undergraduate,Part-time,2021/22,South West,0
All,Turkey,Other undergraduate,Part-time,2021/22,The Open University in England,0
All,Turkey,Other undergraduate,Part-time,2021/22,England,10
All,Turkey,Other undergraduate,Part-time,2021/22,Wales,0
All,Turkey,Other undergraduate,Part-time,2021/22,Scotland,5
All,Turkey,Other undergraduate,Part-time,2021/22,Northern Ireland,0
All,Turkey,Other undergraduate,Part-time,2021/22,Total United Kingdom,20
All,Turkey,Other undergraduate,All,2021/22,North East,0
All,Turkey,Other undergraduate,All,2021/22,North West,0
All,Turkey,Other undergraduate,All,2021/22,Yorkshire and The Humber,0
All,Turkey,Other undergraduate,All,2021/22,East Midlands,5
All,Turkey,Other undergraduate,All,2021/22,West Midlands,0
All,Turkey,Other undergraduate,All,2021/22,East of England,5
All,Turkey,Other undergraduate,All,2021/22,London,70
All,Turkey,Other undergraduate,All,2021/22,South East,20
All,Turkey,Other undergraduate,All,2021/22,South West,5
All,Turkey,Other undergraduate,All,2021/22,The Open University in England,0
All,Turkey,Other undergraduate,All,2021/22,England,105
All,Turkey,Other undergraduate,All,2021/22,Wales,0
All,Turkey,Other undergraduate,All,2021/22,Scotland,10
All,Turkey,Other undergraduate,All,2021/22,Northern Ireland,0
All,Turkey,Other undergraduate,All,2021/22,Total United Kingdom,115
All,Turkey,All undergraduate,Full-time,2021/22,North East,65
All,Turkey,All undergraduate,Full-time,2021/22,North West,145
All,Turkey,All undergraduate,Full-time,2021/22,Yorkshire and The Humber,65
All,Turkey,All undergraduate,Full-time,2021/22,East Midlands,150
All,Turkey,All undergraduate,Full-time,2021/22,West Midlands,95
All,Turkey,All undergraduate,Full-time,2021/22,East of England,75
All,Turkey,All undergraduate,Full-time,2021/22,London,1000
All,Turkey,All undergraduate,Full-time,2021/22,South East,245
All,Turkey,All undergraduate,Full-time,2021/22,South West,175
All,Turkey,All undergraduate,Full-time,2021/22,The Open University in England,0
All,Turkey,All undergraduate,Full-time,2021/22,England,2015
All,Turkey,All undergraduate,Full-time,2021/22,Wales,15
All,Turkey,All undergraduate,Full-time,2021/22,Scotland,115
All,Turkey,All undergraduate,Full-time,2021/22,Northern Ireland,0
All,Turkey,All undergraduate,Full-time,2021/22,Total United Kingdom,2150
All,Turkey,All undergraduate,Part-time,2021/22,North East,0
All,Turkey,All undergraduate,Part-time,2021/22,North West,0
All,Turkey,All undergraduate,Part-time,2021/22,Yorkshire and The Humber,0
All,Turkey,All undergraduate,Part-time,2021/22,East Midlands,0
All,Turkey,All undergraduate,Part-time,2021/22,West Midlands,0
All,Turkey,All undergraduate,Part-time,2021/22,East of England,5
All,Turkey,All undergraduate,Part-time,2021/22,London,10
All,Turkey,All undergraduate,Part-time,2021/22,South East,10
All,Turkey,All undergraduate,Part-time,2021/22,South West,5
All,Turkey,All undergraduate,Part-time,2021/22,The Open University in England,0
All,Turkey,All undergraduate,Part-time,2021/22,England,35
All,Turkey,All undergraduate,Part-time,2021/22,Wales,0
All,Turkey,All undergraduate,Part-time,2021/22,Scotland,10
All,Turkey,All undergraduate,Part-time,2021/22,Northern Ireland,0
All,Turkey,All undergraduate,Part-time,2021/22,Total United Kingdom,45
All,Turkey,All undergraduate,All,2021/22,North East,65
All,Turkey,All undergraduate,All,2021/22,North West,145
All,Turkey,All undergraduate,All,2021/22,Yorkshire and The Humber,65
All,Turkey,All undergraduate,All,2021/22,East Midlands,150
All,Turkey,All undergraduate,All,2021/22,West Midlands,95
All,Turkey,All undergraduate,All,2021/22,East of England,80
All,Turkey,All undergraduate,All,2021/22,London,1010
All,Turkey,All undergraduate,All,2021/22,South East,255
All,Turkey,All undergraduate,All,2021/22,South West,180
All,Turkey,All undergraduate,All,2021/22,The Open University in England,0
All,Turkey,All undergraduate,All,2021/22,England,2050
All,Turkey,All undergraduate,All,2021/22,Wales,15
All,Turkey,All undergraduate,All,2021/22,Scotland,125
All,Turkey,All undergraduate,All,2021/22,Northern Ireland,0
All,Turkey,All undergraduate,All,2021/22,Total United Kingdom,2195
All,Ukraine,All,Full-time,2021/22,North East,35
All,Ukraine,All,Full-time,2021/22,North West,40
All,Ukraine,All,Full-time,2021/22,Yorkshire and The Humber,30
All,Ukraine,All,Full-time,2021/22,East Midlands,30
All,Ukraine,All,Full-time,2021/22,West Midlands,55
All,Ukraine,All,Full-time,2021/22,East of England,55
All,Ukraine,All,Full-time,2021/22,London,385
All,Ukraine,All,Full-time,2021/22,South East,75
All,Ukraine,All,Full-time,2021/22,South West,75
All,Ukraine,All,Full-time,2021/22,The Open University in England,0
All,Ukraine,All,Full-time,2021/22,England,775
All,Ukraine,All,Full-time,2021/22,Wales,10
All,Ukraine,All,Full-time,2021/22,Scotland,80
All,Ukraine,All,Full-time,2021/22,Northern Ireland,5
All,Ukraine,All,Full-time,2021/22,Total United Kingdom,870
All,Ukraine,All,Part-time,2021/22,North East,0
All,Ukraine,All,Part-time,2021/22,North West,0
All,Ukraine,All,Part-time,2021/22,Yorkshire and The Humber,0
All,Ukraine,All,Part-time,2021/22,East Midlands,0
All,Ukraine,All,Part-time,2021/22,West Midlands,5
All,Ukraine,All,Part-time,2021/22,East of England,5
All,Ukraine,All,Part-time,2021/22,London,25
All,Ukraine,All,Part-time,2021/22,South East,5
All,Ukraine,All,Part-time,2021/22,South West,0
All,Ukraine,All,Part-time,2021/22,The Open University in England,0
All,Ukraine,All,Part-time,2021/22,England,45
All,Ukraine,All,Part-time,2021/22,Wales,0
All,Ukraine,All,Part-time,2021/22,Scotland,5
All,Ukraine,All,Part-time,2021/22,Northern Ireland,0
All,Ukraine,All,Part-time,2021/22,Total United Kingdom,55
All,Ukraine,All,All,2021/22,North East,35
All,Ukraine,All,All,2021/22,North West,40
All,Ukraine,All,All,2021/22,Yorkshire and The Humber,30
All,Ukraine,All,All,2021/22,East Midlands,30
All,Ukraine,All,All,2021/22,West Midlands,60
All,Ukraine,All,All,2021/22,East of England,55
All,Ukraine,All,All,2021/22,London,410
All,Ukraine,All,All,2021/22,South East,80
All,Ukraine,All,All,2021/22,South West,75
All,Ukraine,All,All,2021/22,The Open University in England,0
All,Ukraine,All,All,2021/22,England,820
All,Ukraine,All,All,2021/22,Wales,15
All,Ukraine,All,All,2021/22,Scotland,85
All,Ukraine,All,All,2021/22,Northern Ireland,5
All,Ukraine,All,All,2021/22,Total United Kingdom,925
All,Ukraine,Postgraduate (research),Full-time,2021/22,North East,0
All,Ukraine,Postgraduate (research),Full-time,2021/22,North West,5
All,Ukraine,Postgraduate (research),Full-time,2021/22,Yorkshire and The Humber,5
All,Ukraine,Postgraduate (research),Full-time,2021/22,East Midlands,5
All,Ukraine,Postgraduate (research),Full-time,2021/22,West Midlands,5
All,Ukraine,Postgraduate (research),Full-time,2021/22,East of England,0
All,Ukraine,Postgraduate (research),Full-time,2021/22,London,5
All,Ukraine,Postgraduate (research),Full-time,2021/22,South East,5
All,Ukraine,Postgraduate (research),Full-time,2021/22,South West,5
All,Ukraine,Postgraduate (research),Full-time,2021/22,The Open University in England,0
All,Ukraine,Postgraduate (research),Full-time,2021/22,England,30
All,Ukraine,Postgraduate (research),Full-time,2021/22,Wales,5
All,Ukraine,Postgraduate (research),Full-time,2021/22,Scotland,10
All,Ukraine,Postgraduate (research),Full-time,2021/22,Northern Ireland,0
All,Ukraine,Postgraduate (research),Full-time,2021/22,Total United Kingdom,45
All,Ukraine,Postgraduate (research),Part-time,2021/22,North East,0
All,Ukraine,Postgraduate (research),Part-time,2021/22,North West,0
All,Ukraine,Postgraduate (research),Part-time,2021/22,Yorkshire and The Humber,0
All,Ukraine,Postgraduate (research),Part-time,2021/22,East Midlands,0
All,Ukraine,Postgraduate (research),Part-time,2021/22,West Midlands,0
All,Ukraine,Postgraduate (research),Part-time,2021/22,East of England,0
All,Ukraine,Postgraduate (research),Part-time,2021/22,London,0
All,Ukraine,Postgraduate (research),Part-time,2021/22,South East,0
All,Ukraine,Postgraduate (research),Part-time,2021/22,South West,0
All,Ukraine,Postgraduate (research),Part-time,2021/22,The Open University in England,0
All,Ukraine,Postgraduate (research),Part-time,2021/22,England,0
All,Ukraine,Postgraduate (research),Part-time,2021/22,Wales,0
All,Ukraine,Postgraduate (research),Part-time,2021/22,Scotland,0
All,Ukraine,Postgraduate (research),Part-time,2021/22,Northern Ireland,0
All,Ukraine,Postgraduate (research),Part-time,2021/22,Total United Kingdom,5
All,Ukraine,Postgraduate (research),All,2021/22,North East,0
All,Ukraine,Postgraduate (research),All,2021/22,North West,5
All,Ukraine,Postgraduate (research),All,2021/22,Yorkshire and The Humber,5
All,Ukraine,Postgraduate (research),All,2021/22,East Midlands,5
All,Ukraine,Postgraduate (research),All,2021/22,West Midlands,5
All,Ukraine,Postgraduate (research),All,2021/22,East of England,5
All,Ukraine,Postgraduate (research),All,2021/22,London,5
All,Ukraine,Postgraduate (research),All,2021/22,South East,5
All,Ukraine,Postgraduate (research),All,2021/22,South West,5
All,Ukraine,Postgraduate (research),All,2021/22,The Open University in England,0
All,Ukraine,Postgraduate (research),All,2021/22,England,35
All,Ukraine,Postgraduate (research),All,2021/22,Wales,5
All,Ukraine,Postgraduate (research),All,2021/22,Scotland,10
All,Ukraine,Postgraduate (research),All,2021/22,Northern Ireland,0
All,Ukraine,Postgraduate (research),All,2021/22,Total United Kingdom,50
All,Ukraine,Postgraduate (taught),Full-time,2021/22,North East,5
All,Ukraine,Postgraduate (taught),Full-time,2021/22,North West,5
All,Ukraine,Postgraduate (taught),Full-time,2021/22,Yorkshire and The Humber,10
All,Ukraine,Postgraduate (taught),Full-time,2021/22,East Midlands,5
All,Ukraine,Postgraduate (taught),Full-time,2021/22,West Midlands,15
All,Ukraine,Postgraduate (taught),Full-time,2021/22,East of England,10
All,Ukraine,Postgraduate (taught),Full-time,2021/22,London,100
All,Ukraine,Postgraduate (taught),Full-time,2021/22,South East,10
All,Ukraine,Postgraduate (taught),Full-time,2021/22,South West,10
All,Ukraine,Postgraduate (taught),Full-time,2021/22,The Open University in England,0
All,Ukraine,Postgraduate (taught),Full-time,2021/22,England,175
All,Ukraine,Postgraduate (taught),Full-time,2021/22,Wales,5
All,Ukraine,Postgraduate (taught),Full-time,2021/22,Scotland,30
All,Ukraine,Postgraduate (taught),Full-time,2021/22,Northern Ireland,5
All,Ukraine,Postgraduate (taught),Full-time,2021/22,Total United Kingdom,215
All,Ukraine,Postgraduate (taught),Part-time,2021/22,North East,0
All,Ukraine,Postgraduate (taught),Part-time,2021/22,North West,0
All,Ukraine,Postgraduate (taught),Part-time,2021/22,Yorkshire and The Humber,0
All,Ukraine,Postgraduate (taught),Part-time,2021/22,East Midlands,0
All,Ukraine,Postgraduate (taught),Part-time,2021/22,West Midlands,0
All,Ukraine,Postgraduate (taught),Part-time,2021/22,East of England,0
All,Ukraine,Postgraduate (taught),Part-time,2021/22,London,15
All,Ukraine,Postgraduate (taught),Part-time,2021/22,South East,5
All,Ukraine,Postgraduate (taught),Part-time,2021/22,South West,0
All,Ukraine,Postgraduate (taught),Part-time,2021/22,The Open University in England,0
All,Ukraine,Postgraduate (taught),Part-time,2021/22,England,30
All,Ukraine,Postgraduate (taught),Part-time,2021/22,Wales,0
All,Ukraine,Postgraduate (taught),Part-time,2021/22,Scotland,5
All,Ukraine,Postgraduate (taught),Part-time,2021/22,Northern Ireland,0
All,Ukraine,Postgraduate (taught),Part-time,2021/22,Total United Kingdom,35
All,Ukraine,Postgraduate (taught),All,2021/22,North East,5
All,Ukraine,Postgraduate (taught),All,2021/22,North West,5
All,Ukraine,Postgraduate (taught),All,2021/22,Yorkshire and The Humber,10
All,Ukraine,Postgraduate (taught),All,2021/22,East Midlands,10
All,Ukraine,Postgraduate (taught),All,2021/22,West Midlands,20
All,Ukraine,Postgraduate (taught),All,2021/22,East of England,15
All,Ukraine,Postgraduate (taught),All,2021/22,London,120
All,Ukraine,Postgraduate (taught),All,2021/22,South East,10
All,Ukraine,Postgraduate (taught),All,2021/22,South West,10
All,Ukraine,Postgraduate (taught),All,2021/22,The Open University in England,0
All,Ukraine,Postgraduate (taught),All,2021/22,England,205
All,Ukraine,Postgraduate (taught),All,2021/22,Wales,5
All,Ukraine,Postgraduate (taught),All,2021/22,Scotland,35
All,Ukraine,Postgraduate (taught),All,2021/22,Northern Ireland,5
All,Ukraine,Postgraduate (taught),All,2021/22,Total United Kingdom,245
All,Ukraine,All postgraduate,Full-time,2021/22,North East,10
All,Ukraine,All postgraduate,Full-time,2021/22,North West,10
All,Ukraine,All postgraduate,Full-time,2021/22,Yorkshire and The Humber,10
All,Ukraine,All postgraduate,Full-time,2021/22,East Midlands,10
All,Ukraine,All postgraduate,Full-time,2021/22,West Midlands,20
All,Ukraine,All postgraduate,Full-time,2021/22,East of England,15
All,Ukraine,All postgraduate,Full-time,2021/22,London,105
All,Ukraine,All postgraduate,Full-time,2021/22,South East,15
All,Ukraine,All postgraduate,Full-time,2021/22,South West,15
All,Ukraine,All postgraduate,Full-time,2021/22,The Open University in England,0
All,Ukraine,All postgraduate,Full-time,2021/22,England,205
All,Ukraine,All postgraduate,Full-time,2021/22,Wales,5
All,Ukraine,All postgraduate,Full-time,2021/22,Scotland,40
All,Ukraine,All postgraduate,Full-time,2021/22,Northern Ireland,5
All,Ukraine,All postgraduate,Full-time,2021/22,Total United Kingdom,260
All,Ukraine,All postgraduate,Part-time,2021/22,North East,0
All,Ukraine,All postgraduate,Part-time,2021/22,North West,0
All,Ukraine,All postgraduate,Part-time,2021/22,Yorkshire and The Humber,0
All,Ukraine,All postgraduate,Part-time,2021/22,East Midlands,0
All,Ukraine,All postgraduate,Part-time,2021/22,West Midlands,0
All,Ukraine,All postgraduate,Part-time,2021/22,East of England,5
All,Ukraine,All postgraduate,Part-time,2021/22,London,15
All,Ukraine,All postgraduate,Part-time,2021/22,South East,5
All,Ukraine,All postgraduate,Part-time,2021/22,South West,0
All,Ukraine,All postgraduate,Part-time,2021/22,The Open University in England,0
All,Ukraine,All postgraduate,Part-time,2021/22,England,30
All,Ukraine,All postgraduate,Part-time,2021/22,Wales,0
All,Ukraine,All postgraduate,Part-time,2021/22,Scotland,5
All,Ukraine,All postgraduate,Part-time,2021/22,Northern Ireland,0
All,Ukraine,All postgraduate,Part-time,2021/22,Total United Kingdom,35
All,Ukraine,All postgraduate,All,2021/22,North East,10
All,Ukraine,All postgraduate,All,2021/22,North West,10
All,Ukraine,All postgraduate,All,2021/22,Yorkshire and The Humber,10
All,Ukraine,All postgraduate,All,2021/22,East Midlands,10
All,Ukraine,All postgraduate,All,2021/22,West Midlands,25
All,Ukraine,All postgraduate,All,2021/22,East of England,15
All,Ukraine,All postgraduate,All,2021/22,London,120
All,Ukraine,All postgraduate,All,2021/22,South East,15
All,Ukraine,All postgraduate,All,2021/22,South West,15
All,Ukraine,All postgraduate,All,2021/22,The Open University in England,0
All,Ukraine,All postgraduate,All,2021/22,England,235
All,Ukraine,All postgraduate,All,2021/22,Wales,10
All,Ukraine,All postgraduate,All,2021/22,Scotland,45
All,Ukraine,All postgraduate,All,2021/22,Northern Ireland,5
All,Ukraine,All postgraduate,All,2021/22,Total United Kingdom,295
All,Ukraine,First degree,Full-time,2021/22,North East,20
All,Ukraine,First degree,Full-time,2021/22,North West,30
All,Ukraine,First degree,Full-time,2021/22,Yorkshire and The Humber,20
All,Ukraine,First degree,Full-time,2021/22,East Midlands,20
All,Ukraine,First degree,Full-time,2021/22,West Midlands,35
All,Ukraine,First degree,Full-time,2021/22,East of England,35
All,Ukraine,First degree,Full-time,2021/22,London,255
All,Ukraine,First degree,Full-time,2021/22,South East,55
All,Ukraine,First degree,Full-time,2021/22,South West,50
All,Ukraine,First degree,Full-time,2021/22,The Open University in England,0
All,Ukraine,First degree,Full-time,2021/22,England,525
All,Ukraine,First degree,Full-time,2021/22,Wales,5
All,Ukraine,First degree,Full-time,2021/22,Scotland,35
All,Ukraine,First degree,Full-time,2021/22,Northern Ireland,0
All,Ukraine,First degree,Full-time,2021/22,Total United Kingdom,565
All,Ukraine,First degree,Part-time,2021/22,North East,0
All,Ukraine,First degree,Part-time,2021/22,North West,0
All,Ukraine,First degree,Part-time,2021/22,Yorkshire and The Humber,0
All,Ukraine,First degree,Part-time,2021/22,East Midlands,0
All,Ukraine,First degree,Part-time,2021/22,West Midlands,0
All,Ukraine,First degree,Part-time,2021/22,East of England,0
All,Ukraine,First degree,Part-time,2021/22,London,5
All,Ukraine,First degree,Part-time,2021/22,South East,0
All,Ukraine,First degree,Part-time,2021/22,South West,0
All,Ukraine,First degree,Part-time,2021/22,The Open University in England,0
All,Ukraine,First degree,Part-time,2021/22,England,10
All,Ukraine,First degree,Part-time,2021/22,Wales,0
All,Ukraine,First degree,Part-time,2021/22,Scotland,0
All,Ukraine,First degree,Part-time,2021/22,Northern Ireland,0
All,Ukraine,First degree,Part-time,2021/22,Total United Kingdom,10
All,Ukraine,First degree,All,2021/22,North East,20
All,Ukraine,First degree,All,2021/22,North West,30
All,Ukraine,First degree,All,2021/22,Yorkshire and The Humber,20
All,Ukraine,First degree,All,2021/22,East Midlands,20
All,Ukraine,First degree,All,2021/22,West Midlands,35
All,Ukraine,First degree,All,2021/22,East of England,35
All,Ukraine,First degree,All,2021/22,London,260
All,Ukraine,First degree,All,2021/22,South East,60
All,Ukraine,First degree,All,2021/22,South West,50
All,Ukraine,First degree,All,2021/22,The Open University in England,0
All,Ukraine,First degree,All,2021/22,England,535
All,Ukraine,First degree,All,2021/22,Wales,5
All,Ukraine,First degree,All,2021/22,Scotland,35
All,Ukraine,First degree,All,2021/22,Northern Ireland,0
All,Ukraine,First degree,All,2021/22,Total United Kingdom,580
All,Ukraine,Other undergraduate,Full-time,2021/22,North East,5
All,Ukraine,Other undergraduate,Full-time,2021/22,North West,0
All,Ukraine,Other undergraduate,Full-time,2021/22,Yorkshire and The Humber,0
All,Ukraine,Other undergraduate,Full-time,2021/22,East Midlands,0
All,Ukraine,Other undergraduate,Full-time,2021/22,West Midlands,0
All,Ukraine,Other undergraduate,Full-time,2021/22,East of England,5
All,Ukraine,Other undergraduate,Full-time,2021/22,London,25
All,Ukraine,Other undergraduate,Full-time,2021/22,South East,5
All,Ukraine,Other undergraduate,Full-time,2021/22,South West,10
All,Ukraine,Other undergraduate,Full-time,2021/22,The Open University in England,0
All,Ukraine,Other undergraduate,Full-time,2021/22,England,45
All,Ukraine,Other undergraduate,Full-time,2021/22,Wales,0
All,Ukraine,Other undergraduate,Full-time,2021/22,Scotland,5
All,Ukraine,Other undergraduate,Full-time,2021/22,Northern Ireland,0
All,Ukraine,Other undergraduate,Full-time,2021/22,Total United Kingdom,45
All,Ukraine,Other undergraduate,Part-time,2021/22,North East,0
All,Ukraine,Other undergraduate,Part-time,2021/22,North West,0
All,Ukraine,Other undergraduate,Part-time,2021/22,Yorkshire and The Humber,0
All,Ukraine,Other undergraduate,Part-time,2021/22,East Midlands,0
All,Ukraine,Other undergraduate,Part-time,2021/22,West Midlands,0
All,Ukraine,Other undergraduate,Part-time,2021/22,East of England,0
All,Ukraine,Other undergraduate,Part-time,2021/22,London,5
All,Ukraine,Other undergraduate,Part-time,2021/22,South East,0
All,Ukraine,Other undergraduate,Part-time,2021/22,South West,0
All,Ukraine,Other undergraduate,Part-time,2021/22,The Open University in England,0
All,Ukraine,Other undergraduate,Part-time,2021/22,England,5
All,Ukraine,Other undergraduate,Part-time,2021/22,Wales,0
All,Ukraine,Other undergraduate,Part-time,2021/22,Scotland,0
All,Ukraine,Other undergraduate,Part-time,2021/22,Northern Ireland,0
All,Ukraine,Other undergraduate,Part-time,2021/22,Total United Kingdom,5
All,Ukraine,Other undergraduate,All,2021/22,North East,5
All,Ukraine,Other undergraduate,All,2021/22,North West,0
All,Ukraine,Other undergraduate,All,2021/22,Yorkshire and The Humber,0
All,Ukraine,Other undergraduate,All,2021/22,East Midlands,0
All,Ukraine,Other undergraduate,All,2021/22,West Midlands,0
All,Ukraine,Other undergraduate,All,2021/22,East of England,5
All,Ukraine,Other undergraduate,All,2021/22,London,25
All,Ukraine,Other undergraduate,All,2021/22,South East,5
All,Ukraine,Other undergraduate,All,2021/22,South West,10
All,Ukraine,Other undergraduate,All,2021/22,The Open University in England,0
All,Ukraine,Other undergraduate,All,2021/22,England,45
All,Ukraine,Other undergraduate,All,2021/22,Wales,0
All,Ukraine,Other undergraduate,All,2021/22,Scotland,5
All,Ukraine,Other undergraduate,All,2021/22,Northern Ireland,0
All,Ukraine,Other undergraduate,All,2021/22,Total United Kingdom,50
All,Ukraine,All undergraduate,Full-time,2021/22,North East,25
All,Ukraine,All undergraduate,Full-time,2021/22,North West,30
All,Ukraine,All undergraduate,Full-time,2021/22,Yorkshire and The Humber,20
All,Ukraine,All undergraduate,Full-time,2021/22,East Midlands,20
All,Ukraine,All undergraduate,Full-time,2021/22,West Midlands,35
All,Ukraine,All undergraduate,Full-time,2021/22,East of England,40
All,Ukraine,All undergraduate,Full-time,2021/22,London,280
All,Ukraine,All undergraduate,Full-time,2021/22,South East,60
All,Ukraine,All undergraduate,Full-time,2021/22,South West,60
All,Ukraine,All undergraduate,Full-time,2021/22,The Open University in England,0
All,Ukraine,All undergraduate,Full-time,2021/22,England,565
All,Ukraine,All undergraduate,Full-time,2021/22,Wales,5
All,Ukraine,All undergraduate,Full-time,2021/22,Scotland,40
All,Ukraine,All undergraduate,Full-time,2021/22,Northern Ireland,0
All,Ukraine,All undergraduate,Full-time,2021/22,Total United Kingdom,615
All,Ukraine,All undergraduate,Part-time,2021/22,North East,0
All,Ukraine,All undergraduate,Part-time,2021/22,North West,0
All,Ukraine,All undergraduate,Part-time,2021/22,Yorkshire and The Humber,0
All,Ukraine,All undergraduate,Part-time,2021/22,East Midlands,0
All,Ukraine,All undergraduate,Part-time,2021/22,West Midlands,0
All,Ukraine,All undergraduate,Part-time,2021/22,East of England,0
All,Ukraine,All undergraduate,Part-time,2021/22,London,10
All,Ukraine,All undergraduate,Part-time,2021/22,South East,0
All,Ukraine,All undergraduate,Part-time,2021/22,South West,0
All,Ukraine,All undergraduate,Part-time,2021/22,The Open University in England,0
All,Ukraine,All undergraduate,Part-time,2021/22,England,15
All,Ukraine,All undergraduate,Part-time,2021/22,Wales,0
All,Ukraine,All undergraduate,Part-time,2021/22,Scotland,0
All,Ukraine,All undergraduate,Part-time,2021/22,Northern Ireland,0
All,Ukraine,All undergraduate,Part-time,2021/22,Total United Kingdom,15
All,Ukraine,All undergraduate,All,2021/22,North East,25
All,Ukraine,All undergraduate,All,2021/22,North West,30
All,Ukraine,All undergraduate,All,2021/22,Yorkshire and The Humber,20
All,Ukraine,All undergraduate,All,2021/22,East Midlands,20
All,Ukraine,All undergraduate,All,2021/22,West Midlands,35
All,Ukraine,All undergraduate,All,2021/22,East of England,40
All,Ukraine,All undergraduate,All,2021/22,London,290
All,Ukraine,All undergraduate,All,2021/22,South East,60
All,Ukraine,All undergraduate,All,2021/22,South West,60
All,Ukraine,All undergraduate,All,2021/22,The Open University in England,0
All,Ukraine,All undergraduate,All,2021/22,England,580
All,Ukraine,All undergraduate,All,2021/22,Wales,5
All,Ukraine,All undergraduate,All,2021/22,Scotland,40
All,Ukraine,All undergraduate,All,2021/22,Northern Ireland,5
All,Ukraine,All undergraduate,All,2021/22,Total United Kingdom,630
